"Date","Total","WorkSchool","Leisure","Shopping","Other"
"2020-01-01",34.0560874256025,2.57624269122274,25.8902418393942,5.17756662276472,0.412036272220812
"2020-01-02",43.8909272338134,2.99775311923356,31.3043019936442,9.35598155631773,0.232890564617926
"2020-01-03",43.531127626385,12.8328079565294,18.7366937235148,11.6250736611149,0.336552285225882
"2020-01-04",38.6027839783367,2.93402197172793,25.5995047377119,9.61546439419043,0.45379287470642
"2020-01-05",34.3908608416434,1.88836990713419,29.3129369619133,2.77514015242819,0.414413820167738
"2020-01-06",38.6478514906159,17.6729041605108,13.59723948642,6.68310393364315,0.694603910041911
"2020-01-07",36.8527596795923,17.7974942222415,11.1570059637511,7.18240259684553,0.715856896754164
"2020-01-08",35.2147901539453,15.4734250851417,11.7529155222049,7.38352021058842,0.604929336010283
"2020-01-09",40.4526246002309,17.4895166757195,14.294275564983,8.11138327109334,0.557449088435104
"2020-01-10",44.1472242907928,17.5060242992405,16.2898187818797,9.71813989185249,0.633241317820021
"2020-01-11",40.4821497215316,2.93743592855544,26.3066467335167,10.7734864082218,0.46458065123761
"2020-01-12",38.6927154399635,2.45967337950723,32.8438680867931,3.16372866056982,0.22544531309335
"2020-01-13",41.5468651883933,18.5076235272241,14.3184049416361,8.16633126831879,0.554505451214273
"2020-01-14",42.432668958773,18.9685178872421,14.1390308343713,8.74311297541903,0.582007261740612
"2020-01-15",42.6836202334216,19.1042812277819,13.8182481562395,9.1373514459615,0.62373940343877
"2020-01-16",44.6344273603544,19.4921077026264,16.1359888535498,8.23763999758077,0.768690806597481
"2020-01-17",47.4488796347127,17.7768786221287,18.3600771857183,10.8012322535559,0.510691573309822
"2020-01-18",42.5375139865621,2.99176288458127,27.6791733673599,11.529015889834,0.337561844786924
"2020-01-19",36.9775576952561,2.15542045323385,31.7678517897052,2.60662341069255,0.447662041624529
"2020-01-20",41.7948145602949,18.8708680528128,14.3947710013959,7.87447903092516,0.654696475161022
"2020-01-21",42.5593244270332,19.3343629887035,13.9951946569247,8.83568289264217,0.394083888762889
"2020-01-22",42.2431299417586,18.8556694293364,14.6185768609209,8.00744163819812,0.761442013303258
"2020-01-23",43.5370181364916,18.6868205496469,15.7251355350973,8.47213820119627,0.652923850551113
"2020-01-24",49.5880524592954,18.5765996186415,19.6674660179738,10.9022013598408,0.441785462839384
"2020-01-25",45.9398559235729,3.13289562844038,30.7166378247739,11.8146404891824,0.275681981176235
"2020-01-26",40.4019960889142,2.56902823488478,34.8075033926644,2.54541330651981,0.480051154845257
"2020-01-27",40.9843160407228,18.8885749644051,13.5859214054065,7.85162204250303,0.658197628408163
"2020-01-28",42.4346542045341,19.9681020800918,13.5231486205091,8.22395953120229,0.719443972730868
"2020-01-29",42.0698346432066,18.4394083193787,13.8939012813133,9.20061624043204,0.535908802082551
"2020-01-30",45.9284185577833,20.2838372183968,16.4385063764556,8.71114544746278,0.494929515468099
"2020-01-31",48.5990237749248,18.3190518435843,19.3372455159344,10.2996948338919,0.643031581514204
"2020-02-01",43.8878374199827,2.95195083734635,28.753721022529,11.9125336937404,0.26963186636698
"2020-02-02",38.4717692361716,2.08600656500147,32.7329523155845,3.29266634931232,0.360144006273319
"2020-02-03",41.0872684935786,19.5194629343784,12.9226561458295,8.00957047419014,0.635578939180538
"2020-02-04",41.1068032363827,19.1944057599909,13.0160860303889,8.2971628718809,0.599148574121994
"2020-02-05",44.0863090909229,20.2349106760906,14.9367075689945,8.43518943785968,0.47950140797815
"2020-02-06",47.0322000746248,20.8361383016655,17.1745746694921,8.56303985671116,0.458447246756054
"2020-02-07",52.5853563350851,19.0434380996391,20.9722848003261,12.0587004703325,0.510932964787348
"2020-02-08",50.5168654474696,3.34365239646986,34.6434791839251,12.069140938839,0.460592928235618
"2020-02-09",43.4287433401289,2.68943946874114,36.7318226401132,3.50222404144067,0.505257189833858
"2020-02-10",38.5321955372026,17.7970140701005,13.168278031237,7.13293888743918,0.433964548425919
"2020-02-11",40.8259609113997,18.9621717140183,13.1570257063663,8.04737377093814,0.659389720077016
"2020-02-12",42.6120887769846,18.9215319270987,15.0132866999411,7.69817015166044,0.979099998284333
"2020-02-13",44.3694366013565,20.1468316171862,14.4848747204944,8.92198241046775,0.815747853208224
"2020-02-14",49.3116114245244,18.3362100122012,20.4151409204592,9.95241268194241,0.607847809921577
"2020-02-15",47.8433750238726,3.14126022514656,32.3196949789085,12.1045356889267,0.277884130890868
"2020-02-16",36.7341236621766,2.43866631747987,31.8498855503133,2.14892586048573,0.296645933897676
"2020-02-17",39.3135988661989,18.4603217940914,12.9246544511714,7.11398084700478,0.814641773931263
"2020-02-18",41.7698082859711,18.7752442726129,14.2645532942715,8.17092079966991,0.559089919416785
"2020-02-19",41.2294529579,18.2013164539992,14.6353776976659,7.64223248282191,0.750526323413028
"2020-02-20",43.770282357283,18.9196517222909,15.9390231664215,8.40175906549493,0.509848403075697
"2020-02-21",46.6128654675147,17.4746270508378,18.387315570308,10.3788815771055,0.372041269263355
"2020-02-22",44.6729377685529,2.64606558869901,30.3214729847513,11.3903488123437,0.315050382758837
"2020-02-23",37.8523719466677,2.36740999596978,31.8786110990072,3.30613262962475,0.300218222065937
"2020-02-24",41.930296858026,17.8595415783417,14.8024259181804,8.73852682840342,0.529802533100526
"2020-02-25",39.5193470540063,17.8697694520425,13.3420766689018,7.9151364560056,0.392364477056413
"2020-02-26",39.0248698516956,18.2093943753962,12.3736759222301,7.84348368069604,0.598315873373195
"2020-02-27",41.1615329882004,18.3517881990339,14.2780980668211,8.0028691165715,0.528777605773954
"2020-02-28",45.811717927835,17.0168730323203,17.4514767805804,10.7606972570877,0.5826708578466
"2020-02-29",39.7671090581221,3.28410823769216,25.1303349934129,10.9451936320703,0.407472194946805
"2020-03-01",36.2524923506833,2.57463152093276,30.5605880178947,2.52297964184815,0.594293170007652
"2020-03-02",38.2506154638616,17.7122845397922,12.8783373783254,7.1845363415549,0.475457204189134
"2020-03-03",39.4166899100207,18.9108904345706,12.3423887965898,7.6742406191097,0.489170059750567
"2020-03-04",42.2269239082109,18.5022357093425,14.3547093519474,8.51399319139218,0.855985655528867
"2020-03-05",40.9404716869639,18.0662015753774,13.5670990905488,8.70312984208892,0.604041178948791
"2020-03-06",42.80920428281,17.9944771087066,14.8100353125246,9.44132545807216,0.56336640350665
"2020-03-07",38.8930471581759,2.94721379529691,25.1535443985471,10.5237567820988,0.268532182233095
"2020-03-08",38.4418954381976,1.98593085501577,33.6631641301396,2.56197661026866,0.230823842773539
"2020-03-09",36.8164765392767,17.6760050653147,11.8602998542532,6.78452495563246,0.495646664076332
"2020-03-10",36.7898248245568,17.2910809113007,12.6336302336529,6.24862882918402,0.616484850419119
"2020-03-11",38.3372407309164,17.8232651683779,13.0255926266093,6.90668094098966,0.581701994939545
"2020-03-12",40.2167858495972,18.4292118944615,13.4160687188014,7.91221583640367,0.459289399930668
"2020-03-13",39.0322724733415,15.7529600550296,14.4446475696944,8.2866003509824,0.548064497635084
"2020-03-14",31.3100307494532,2.8215113960526,19.7108177796921,8.6047157060789,0.172985867629577
"2020-03-15",26.390750435462,1.85615508491703,23.1523199432113,1.19782152578922,0.184453881544456
"2020-03-16",28.6003992666145,13.3253473713238,9.03128180751684,5.86948374366007,0.374286344113737
"2020-03-17",23.6459341178778,11.6686689264602,8.07073846681004,3.74138520915087,0.165141515456736
"2020-03-18",22.2735679938469,10.6701005323229,7.74497210804578,3.6389199816982,0.219575371779974
"2020-03-19",21.1585826626719,9.66166388281039,7.74389598997532,3.4001511141564,0.352871675729786
"2020-03-20",22.1927787536873,9.24913038540171,8.54637283566425,4.11299235242749,0.284283180193848
"2020-03-21",14.0971068993406,2.09733001255928,9.06062572293643,2.88305432313121,0.0560968407136775
"2020-03-22",11.5712583491889,1.68872832430089,9.23586763878283,0.584737017417619,0.0619253686875605
"2020-03-23",17.3444112065556,8.07192633072808,6.110611772358,2.917278482766,0.24459462070352
"2020-03-24",17.1749309527563,8.77635416390432,5.94379765280825,2.33057943112088,0.124199704922852
"2020-03-25",16.4244169191794,7.69202068755026,5.84934258145238,2.62006526468039,0.262988385496365
"2020-03-26",17.6300142247119,8.04790769481442,6.36029562087081,2.97375708888577,0.248053820140908
"2020-03-27",18.7379783202032,8.05452957849069,6.97886260455206,3.48886125194638,0.215724885214063
"2020-03-28",17.0835167003917,1.49748513364856,11.8898862489716,3.58825120897492,0.107894108796635
"2020-03-29",11.4325813185938,1.42825801884232,9.39739651169161,0.561084089589841,0.0458426984700267
"2020-03-30",17.2752716414541,8.15061182875332,5.89644569965824,2.94490859253266,0.283305520509881
"2020-03-31",16.3258542279095,7.8757286661068,5.84884146392639,2.4599470768435,0.141337021032809
"2020-04-01",17.9330215977428,8.4799857409584,6.46024577581144,2.84108650052559,0.151703580447371
"2020-04-02",18.2160551281442,8.44640532083387,6.66345026761143,2.95390944676525,0.15229009293365
"2020-04-03",20.3993321679129,8.50962582472723,8.01144484524827,3.6160240860818,0.262237411855602
"2020-04-04",18.0466403090821,2.16228869377443,12.4254155830961,3.32749301594512,0.131443016266474
"2020-04-05",16.2891755743087,1.49914778943443,14.0618938997997,0.67769955332882,0.0504343317457703
"2020-04-06",18.8815018917239,8.64458730732024,7.34844327402116,2.704179176682,0.184292133700509
"2020-04-07",18.8219810638079,8.44027172544944,6.95231346178541,3.21662814581864,0.212767730754408
"2020-04-08",20.4311474332928,9.10811346887523,7.38754826809459,3.75667437732888,0.178811318994095
"2020-04-09",22.817278498375,9.229860925621,8.91946479311405,4.39143551424738,0.276517265392568
"2020-04-10",18.4041569170607,1.7508101564447,14.8096034235716,1.70666728843299,0.1370760486114
"2020-04-11",19.2501687919,1.6719905820171,13.1811782921765,4.22382091640896,0.173179001297436
"2020-04-12",15.7783930986451,1.4007971630503,13.6623200077833,0.57085600804531,0.144419919766222
"2020-04-13",16.3530833930095,5.20250322456166,9.3588350802332,1.59606424166544,0.195680846549194
"2020-04-14",18.4158752918351,8.90370515821871,6.0937662624906,3.09605809684381,0.322345774281983
"2020-04-15",21.6186413081315,9.67092317505689,8.23370435347355,3.40561708334448,0.30839669625658
"2020-04-16",20.4071605664813,8.92427687296387,7.61999843648187,3.45394818350408,0.408937073531476
"2020-04-17",22.8412535956492,9.24021230564377,9.53789651943953,3.90632637984639,0.156818390719504
"2020-04-18",19.9351459254078,1.78947515035334,14.1678424800154,3.91135661855178,0.0664716764873299
"2020-04-19",18.0635726863519,1.78793918962848,15.3372057733989,0.849743468039194,0.0886842552853735
"2020-04-20",20.1956164091561,9.15054709061268,7.65255190460046,3.18803168638364,0.204485727559311
"2020-04-21",20.6214157687659,9.9301287938886,7.31411539828182,3.12904920019963,0.248122376395843
"2020-04-22",21.9933763609387,10.1702850250831,8.47283939670481,3.06032656305785,0.289925376092907
"2020-04-23",23.6066401420996,10.2375313509832,9.54765484638008,3.4804883440739,0.340965600662368
"2020-04-24",24.2012274624298,9.73474586772001,9.95664147831868,4.28980168066892,0.220038435722192
"2020-04-25",22.8647019262785,2.2870217720573,15.6836390707007,4.73533503205573,0.158706051464812
"2020-04-26",18.9938725303095,1.55322136997676,16.4493754687932,0.867122699380926,0.124152992158591
"2020-04-27",23.6441643395382,10.0943238341897,8.93155001724034,4.35318470568054,0.26510578242764
"2020-04-28",22.5039925551391,10.1239689761982,7.56388015134558,4.51504075387115,0.301102673724161
"2020-04-29",23.1717947689888,10.1513491954983,8.32552579824539,4.31018879023312,0.384730985012039
"2020-04-30",23.7083045805756,10.253355278592,8.78308318036837,4.4313823351532,0.24048378646205
"2020-05-01",23.5076211941402,8.74963741531518,9.67864436341344,4.86573714217092,0.21360227324066
"2020-05-02",20.199032810974,1.72925021801951,13.3391228808632,4.97318217908094,0.157477533010394
"2020-05-03",21.4739635690853,1.52721983841586,18.670146047979,1.1768985432421,0.0996991394483733
"2020-05-04",25.0770209077564,10.7354624999227,9.5245053263124,4.51694379246262,0.30010928905867
"2020-05-05",22.8458894429179,10.6189678846784,7.68709876252022,4.18100530166389,0.358817494055431
"2020-05-06",25.3384133871309,11.8567199945584,8.91002342059719,4.30692867081469,0.26474130116059
"2020-05-07",28.7833555100686,12.3180136818958,10.8998665939528,5.26614120437142,0.299334029848597
"2020-05-08",28.5900755930299,11.099733994878,12.0750463864783,5.14582387535706,0.269471336316567
"2020-05-09",26.4850262064504,2.00336068825073,18.2761189454199,6.02421540384429,0.181331168935447
"2020-05-10",26.4248004422891,1.58933933784125,23.4421808710153,1.2590424178758,0.134237815556733
"2020-05-11",24.5940984615221,11.2253660462745,8.23703984767567,4.55782581274249,0.573866754829456
"2020-05-12",27.2904437483012,11.7768654263179,9.47431852033303,5.72461806331273,0.31464173833752
"2020-05-13",27.6336476337884,12.1378560866435,8.99551011093411,6.07957468269879,0.420706753512018
"2020-05-14",28.4405271804793,12.0813884649501,9.02474503257185,6.95021577298075,0.384177909976579
"2020-05-15",29.3300424212385,11.4834424407529,10.512909910407,7.12355035498302,0.210139715095547
"2020-05-16",27.8630318167761,1.87637288721943,18.4552831885491,7.26190313117872,0.26947260982883
"2020-05-17",29.2918373307462,1.92462706509892,25.559702898834,1.67339125521029,0.134116111602979
"2020-05-18",30.7042027451938,13.0099033151893,11.3030974796047,5.92936771697428,0.461834233425585
"2020-05-19",33.2535691773332,13.4958380752773,12.3251407351847,7.00108970232862,0.431500664542599
"2020-05-20",34.8441049399366,12.853396173104,13.8764875832445,7.70849505332636,0.405726130261782
"2020-05-21",36.9239983233453,1.86610036737406,30.0139522411701,4.85225476791843,0.191690946882712
"2020-05-22",37.2765383104472,10.7597505544948,16.7331347337146,9.36564444786348,0.418008574374302
"2020-05-23",26.484279895608,1.90688908654126,16.8135632506993,7.61929029309896,0.144537265268482
"2020-05-24",33.3221144912801,1.93539824046774,29.2669035397888,1.86370061135788,0.256112099665662
"2020-05-25",31.1694596527659,12.6639600017858,12.3489776043297,5.8110997035142,0.34542234313622
"2020-05-26",31.8186407434813,12.821751251807,11.5497894156949,7.05850777239409,0.388592303585312
"2020-05-27",32.8469442049643,13.3908560515332,12.5945841573806,6.37528109860647,0.486222897444036
"2020-05-28",33.1052768239094,12.7643833573697,13.3256763906654,6.66378960121609,0.35142747465822
"2020-05-29",35.9380670815317,11.899412404556,15.9728157616272,7.72309829861709,0.342740616731384
"2020-05-30",36.2021658979653,2.32151115022556,24.095828722244,9.68105949386754,0.103766531628153
"2020-05-31",36.3205523651064,1.71813200821089,32.1254376304073,2.22806938799844,0.248913338489756
"2020-06-01",38.3087937614804,2.18124452899822,30.930263247334,5.03405433283603,0.163231652312127
"2020-06-02",33.7004516978376,13.5824266646013,12.9274809878968,6.76230455022743,0.428239495112064
"2020-06-03",34.6463149114318,13.5591508027395,13.4934227573554,7.17578328906502,0.417958062271868
"2020-06-04",31.7767722088127,13.0367701162792,11.8705807408275,6.46870991010884,0.400711441597182
"2020-06-05",34.7656440433795,12.5244906649888,13.5259320271819,8.33208278225196,0.383138568956869
"2020-06-06",32.4682187039215,2.16537110897368,20.823578342353,9.07287326797284,0.40639598462202
"2020-06-07",25.5958763230864,1.69044018450676,21.9443909587411,1.67727033680167,0.283774843036882
"2020-06-08",32.2809102373331,13.7820970450925,12.0563918076476,5.77900728053085,0.66341410406217
"2020-06-09",33.1875366179513,12.9831996826188,11.9867538978136,7.69740705702215,0.520175980496747
"2020-06-10",35.7474112677947,14.0399585960736,13.2314822017742,7.82034972167691,0.655620748269985
"2020-06-11",36.7329083533083,10.6604547979511,18.457948031293,7.30665334980432,0.307852174259863
"2020-06-12",42.1320406941747,14.0156235349254,18.4086317519804,9.22204531169221,0.485740095576701
"2020-06-13",34.3254979474707,2.17316572187893,23.1035105425427,8.72718001234736,0.321641670701737
"2020-06-14",31.0720665792238,1.94058910427981,26.3016783473523,2.66624868614521,0.16355044144645
"2020-06-15",35.1973203091743,14.0442439198836,13.5156483254018,7.16868141061572,0.468746653273159
"2020-06-16",34.6872375207941,13.4716220887779,13.4411553397399,7.26301911622534,0.511440976050994
"2020-06-17",36.0326624084609,14.2283793409269,13.3298326952274,7.88839657232771,0.58605379997893
"2020-06-18",40.3414066057024,15.827952480462,16.0020525346493,7.59298086025978,0.918420730331348
"2020-06-19",45.0468465528983,14.969097532919,19.8217878689392,9.63736493463165,0.618596216408434
"2020-06-20",41.54744216981,2.30302076806393,29.1019921571408,9.74910267720445,0.393326567400834
"2020-06-21",43.4011110153081,1.87593620713676,38.7307919352479,2.45265689261779,0.34172598030568
"2020-06-22",38.1815144739494,14.3175922107427,15.6087746601497,7.54705236635065,0.708095236706306
"2020-06-23",40.8589150420918,14.1119375639062,18.0587351869764,7.91121661244118,0.777025678768074
"2020-06-24",42.1801266444798,15.2511972878259,17.6388525152021,8.57044896037218,0.719627881079639
"2020-06-25",43.5545931335609,15.519641820747,18.696456735333,8.82622268414328,0.512271893337562
"2020-06-26",45.9018921932637,14.8580493356782,20.6885619187867,9.70256527420116,0.65271566459759
"2020-06-27",42.5630317591506,2.33008665877085,29.9561780381093,9.72395928874143,0.552807773529028
"2020-06-28",39.0557779197769,1.93509234816945,33.7481396483575,2.69143529301554,0.68111063023444
"2020-06-29",36.7870115905435,13.9931949147188,14.2832010813791,7.84332932134036,0.667286273105251
"2020-06-30",40.9005354852149,14.3931820229211,17.6401412462421,7.99350156006629,0.873710655985492
"2020-07-01",38.5528726945437,15.1805802252115,15.445195852953,7.37574741608211,0.55134920029711
"2020-07-02",43.9469783904614,17.3392244068062,17.1932806537366,8.62879095213075,0.785682377787897
"2020-07-03",41.8213541602712,13.9141046456418,17.778689677891,9.41465928019998,0.713900556538362
"2020-07-04",45.5639288148279,3.00135930158398,31.1232842274158,10.4958717588472,0.943413526980902
"2020-07-05",43.8761570818353,2.18578414829748,38.1660438567242,2.56725603990511,0.957073036908543
"2020-07-06",37.1528836095878,14.8975976097053,14.8325958660963,6.77908343735098,0.64360669643523
"2020-07-07",41.9022400577263,16.5671916547127,16.4989203571618,8.11029486358997,0.725833182261877
"2020-07-08",42.5812850090432,15.4955388978067,18.3800831939265,8.1752661094366,0.530396807873376
"2020-07-09",44.6702370164127,17.0807212303698,19.47995386506,7.57923606635033,0.530325854632568
"2020-07-10",46.252092467503,15.8367857059367,19.6509713608069,9.97053783132982,0.793797569429591
"2020-07-11",45.0868199305993,2.60895389167435,31.1363825179624,10.6935813743513,0.647902146611257
"2020-07-12",46.829473198337,2.5024973947383,41.1010698979254,2.40898519067136,0.816920715001973
"2020-07-13",42.4438987107983,14.6749383792023,18.2489233713839,8.85002267914959,0.670014281062484
"2020-07-14",41.6884698592105,15.1224779241713,17.1377046200533,8.95010795457216,0.478179360413754
"2020-07-15",41.0490789297076,14.6059314254375,16.8869037505206,8.84766790158326,0.708575852166158
"2020-07-16",40.6036238119592,14.5818257895658,16.9499598250346,8.27663407035037,0.79520412700843
"2020-07-17",48.0658104500553,15.0332326332059,22.05128394452,9.81286614972366,1.16842772260579
"2020-07-18",51.1389129010104,2.91407273061576,35.9324394408002,10.9695230155419,1.32287771405246
"2020-07-19",50.761663027096,2.23423929395246,45.447861758736,2.34671511622722,0.732846858180281
"2020-07-20",43.965888684197,14.6764777038007,20.4167533415767,8.26906388523889,0.603593753580693
"2020-07-21",41.3881685300426,14.3695495085112,17.8726097016322,8.49129314336342,0.654716176535823
"2020-07-22",41.7769418994141,14.9956866649642,17.896022559623,8.21044679809082,0.674785876735987
"2020-07-23",45.7916910701077,16.1673039600509,20.9156078924944,8.27637941421186,0.432399803350473
"2020-07-24",46.2788939791396,14.1245904502755,20.7100419770347,10.8274419330491,0.616819618780324
"2020-07-25",52.5858963411864,2.9399383388531,37.275114462835,10.9385665719056,1.43227696759267
"2020-07-26",44.090010060465,2.39019081552391,37.9081690512224,3.02064962310375,0.771000570614987
"2020-07-27",44.4502448951883,15.599401181855,20.2145701648036,8.07251482875104,0.563758719778676
"2020-07-28",43.0338113391418,15.8803765814305,18.3186763707613,8.17670445527885,0.658053931671146
"2020-07-29",46.7186067066442,15.359215378929,20.8485160634566,9.85459712652063,0.656278137737974
"2020-07-30",48.4590409234953,15.8542784385968,21.2414184968905,10.7433893722901,0.619954615717959
"2020-07-31",52.1467678942849,15.6373350991602,25.8013312281982,9.82506541609008,0.883036150836451
"2020-08-01",46.2646887881912,2.60342379781029,36.1702086419841,6.49295469290965,0.9981016554872
"2020-08-02",41.9030487320419,2.48119690591663,35.7764358750601,2.48315957470358,1.1622563763616
"2020-08-03",39.2982877178417,14.1370134481933,16.2678661903261,8.55918820010243,0.334219879219844
"2020-08-04",38.3729232718832,14.8946606851361,14.5922790203864,8.35375253722663,0.532231029134118
"2020-08-05",45.5615202192913,16.4892033099145,19.3846587915086,9.20104249979177,0.486615618076407
"2020-08-06",46.3990016582482,16.1576109893301,21.66175782816,7.98833742029711,0.591295420461047
"2020-08-07",48.8034112956227,15.6504535286992,23.6180292083633,9.0869057236147,0.448022834945504
"2020-08-08",51.1485770521192,3.04745531541945,36.5406638041729,11.1743839247318,0.386074007795121
"2020-08-09",47.4029667476464,2.87411452038006,41.4101661976663,2.81987177266669,0.298814256933335
"2020-08-10",41.2868670330224,15.536521619994,17.8514084645635,7.44967182055977,0.44926512790521
"2020-08-11",42.0191054387797,16.1250759203392,17.5934423480108,7.69488018696866,0.605706983460995
"2020-08-12",43.3078324872714,16.4676457985574,18.0630634817437,8.19100794263169,0.586115264338636
"2020-08-13",42.2156754939078,15.4187525909213,17.3187793111203,8.74815236352115,0.729991228345039
"2020-08-14",48.6201124897927,16.2024197459312,21.7491228744669,10.0730940602906,0.595475809104036
"2020-08-15",48.185642321426,2.7422732680871,36.1355371808567,8.94826437295282,0.359567499529379
"2020-08-16",44.7970183835414,1.99571990960438,40.3539533974028,2.13521257623753,0.312132500296648
"2020-08-17",39.604976174952,15.0874688783147,15.8934584703651,7.98627217286354,0.637776653408709
"2020-08-18",39.7572249716487,15.7846319118767,15.1212608455298,8.33306271239266,0.518269501849503
"2020-08-19",45.2205364416394,17.8969358401512,17.8362230357437,8.8011963896474,0.686181176097093
"2020-08-20",45.9090991377711,16.848026597051,19.8062496796195,8.72879107223263,0.526031788868041
"2020-08-21",48.0045552939751,16.7825271869972,20.8850911920862,9.77988857534485,0.557048339546902
"2020-08-22",42.2379706248966,2.89602559442145,29.4567012305292,9.46774584340696,0.417497956538993
"2020-08-23",43.6807571155695,2.38002067683297,37.6807056015993,3.34920247947007,0.270828357667164
"2020-08-24",42.1178285895597,16.3328981980843,16.5583502294752,8.67196628198607,0.554613880014068
"2020-08-25",42.8467583139038,17.4496493406837,16.8151981692966,8.01115145457965,0.570759349343857
"2020-08-26",44.4353811750794,16.6232590039936,17.8389260825886,9.29958786105661,0.673608227440579
"2020-08-27",43.9717825736082,17.3998942386934,18.7255060004275,7.2923526957474,0.554029638739965
"2020-08-28",48.0855398631492,16.7269174990747,19.9879302310183,10.8299504952515,0.540741637804675
"2020-08-29",41.5206837706977,2.88275323166561,28.2397331506219,10.1916356337255,0.206561754684714
"2020-08-30",35.1341936333229,2.7602271375015,29.3925198981904,2.75824431862181,0.223202279009157
"2020-08-31",40.5380598395218,16.4553725178282,15.7414292951739,7.67235239146312,0.668905635056558
"2020-09-01",42.3395206003242,17.2301265577692,16.2525886429084,8.45582461117589,0.400980788470641
"2020-09-02",43.2700495410204,17.0312059362478,16.9248547336339,8.84441468498969,0.469574186148977
"2020-09-03",43.4397957230738,17.5405426251008,16.8266946166304,8.3402861538886,0.732272327454041
"2020-09-04",51.2682325032952,17.0688281438331,24.3208189243831,9.49625804726847,0.382327387810571
"2020-09-05",50.2775218309106,2.64472966697481,36.4123960506254,10.938992527778,0.281403585532367
"2020-09-06",41.3814537881059,1.89070402132029,36.128544496574,3.11452508216989,0.247680188041755
"2020-09-07",42.3415461052217,17.0977855405715,17.0277802653029,7.70774094054674,0.508239358800496
"2020-09-08",41.1323859460136,16.8609437697839,16.3965813841943,7.32093005254474,0.553930739490655
"2020-09-09",46.6831149231891,16.9756823954965,20.0732750757059,8.82672517256371,0.807432279422992
"2020-09-10",46.1549855364212,18.5210922481387,17.4680749816031,9.30472463009344,0.86109367658593
"2020-09-11",50.1188402008845,16.4453708825167,22.8315653692807,10.2672588643942,0.574645084692911
"2020-09-12",48.622319241272,2.75529776597153,34.2972513198514,11.1204031758447,0.449366979604319
"2020-09-13",51.7278797307241,2.88992545307452,45.2290777355986,3.30103156116443,0.307844980886583
"2020-09-14",43.9211108662692,18.0912498529999,17.7240042989585,7.35512025063353,0.750736463677216
"2020-09-15",42.9635412933088,18.045717025224,16.6053545318619,7.63482582133193,0.677643914891046
"2020-09-16",41.3361153852896,17.3761919500814,16.5120666684361,6.93644453024756,0.511412236524514
"2020-09-17",44.8349484761071,19.3507697799148,16.9712584240443,8.02537412924026,0.487546142907815
"2020-09-18",49.333795434738,17.4985727829079,21.6103960925994,9.83341656344287,0.391409995787858
"2020-09-19",48.8447105176039,3.14673801031212,33.5450985704583,11.7171887583778,0.435685178455759
"2020-09-20",43.1712739827303,2.4963788054335,37.0165964572986,3.42347909910755,0.234819620890695
"2020-09-21",43.5645557596273,16.4758326063732,18.7216213824908,7.81276779479027,0.554333975973033
"2020-09-22",41.8128734275302,18.074557868037,15.5224184648979,7.69173007004731,0.524167024547998
"2020-09-23",42.3541080501663,17.9102915730449,16.3211386188084,7.39288451074496,0.729793347568068
"2020-09-24",42.5936128804717,17.9546467276982,16.6267361508719,7.60197390538738,0.410256096514282
"2020-09-25",44.47928436445,16.3980587113335,17.9791359031799,9.59850581624761,0.503583933689
"2020-09-26",41.8866042801155,2.67793307321766,28.0952113929404,10.7685879528442,0.344871861113279
"2020-09-27",39.538808549895,2.08405269108239,34.235812562637,3.00921958155086,0.209723714624723
"2020-09-28",40.6446743889508,16.291464313551,15.4758551161793,8.19127901694574,0.686075942274784
"2020-09-29",41.4127252920065,15.9088637615149,16.0407572567719,8.89118899145964,0.571915282260129
"2020-09-30",44.1527506617441,17.3625451660249,17.4947241744191,8.72450211745124,0.570979203848926
"2020-10-01",45.820484703154,17.7520805111573,18.0103121556417,9.45028769322749,0.607804343127517
"2020-10-02",47.7787085638352,16.6650358527403,19.7769598117235,10.6839694886244,0.652743410747013
"2020-10-03",42.1458653428037,2.74682882511822,28.4938865609715,10.5251289708205,0.380020985893432
"2020-10-04",41.5662181183158,2.64081270058942,36.0172201595349,2.63233955610953,0.275845702081977
"2020-10-05",39.4315450342543,15.5862840903071,15.1772243807024,8.20533099059889,0.462705572645914
"2020-10-06",39.737562375288,17.2148287250507,13.1423711566347,8.70508565265862,0.675276840943991
"2020-10-07",43.268895665783,16.8047133490261,16.3549388341963,9.33936061593474,0.769882866625847
"2020-10-08",44.6634971646938,16.7078311933889,18.9848502879328,8.48407309685423,0.486742586517854
"2020-10-09",49.5859900914981,16.0336728431033,21.6632075678716,11.4646154759547,0.424494204568514
"2020-10-10",41.1377782331361,2.91874665781772,27.0024703132716,10.8339722660058,0.38258899604095
"2020-10-11",38.9219111619188,2.48311786998495,33.0937485112173,3.01822210424993,0.326822676466564
"2020-10-12",39.6603615322007,15.8314608851786,15.092759783531,8.08329929937319,0.652841564117899
"2020-10-13",41.2382393314894,15.6961785492092,16.3588914583014,8.45247464852255,0.730694675456179
"2020-10-14",41.7241754022597,16.0905502533756,16.4793691970574,8.34865281834602,0.805603133480675
"2020-10-15",43.046906265924,15.8999392539165,17.711635070365,8.97557960116061,0.459752340481816
"2020-10-16",44.8980860633404,14.2449166722116,19.588341684242,10.3952169632692,0.669610743617591
"2020-10-17",40.5102315474558,2.55718578403442,26.5235655506406,10.1925702509899,1.2369099617909
"2020-10-18",36.7358959310228,2.10599066282928,31.7390005128991,2.21662418316639,0.674280572127988
"2020-10-19",37.058768457993,15.3468129682298,14.0831899554453,7.22187389113582,0.406891643182135
"2020-10-20",37.9536606907551,16.2183551034054,13.7441619111098,7.23464447079793,0.756499205441938
"2020-10-21",36.6503062586714,15.2056444812493,13.1475556645259,7.58369732790948,0.713408784986758
"2020-10-22",38.2386996467844,14.3738213808147,14.3772903420528,8.8481955784173,0.639392345499625
"2020-10-23",39.2405446388208,14.1065598822911,15.2521144660459,9.28364775246796,0.598222538015882
"2020-10-24",34.0531144627234,2.69583313660165,21.1463867767661,9.66963415199292,0.541260397362721
"2020-10-25",35.8006508366964,1.50150609477346,31.2689509630769,2.25470550395992,0.775488274886121
"2020-10-26",31.8631117099643,12.8787865366264,11.1612683930124,6.80429433244179,1.01876244788368
"2020-10-27",32.8380737228598,13.382448461555,11.1693613798061,6.52327816290028,1.76298571859834
"2020-10-28",33.705803073005,13.5804770945718,10.8488409092354,7.22668154753466,2.04980352166313
"2020-10-29",34.1858873317473,13.7918175013476,13.084958656557,6.63744288222521,0.671668291617486
"2020-10-30",37.2006957564517,12.7367399852224,15.2668592015561,8.77773659516101,0.419359974512248
"2020-10-31",34.6835080282959,2.3332348014869,23.2743608023055,8.81399762417676,0.261914800326776
"2020-11-01",28.0084846563653,1.30711173834741,24.260011922526,2.32091919422128,0.120441801270644
"2020-11-02",31.6161447282748,13.4696644501247,11.4026812995213,6.27454225074417,0.469256727884624
"2020-11-03",29.4429174804856,13.1989748006312,9.71625216015498,6.12332546255858,0.404365057140839
"2020-11-04",28.6424043022604,12.3718892048069,9.89129583063861,5.6010028674488,0.77821639936614
"2020-11-05",32.7318425199166,13.7408176955845,11.8635431957719,6.6562908231592,0.471190805400986
"2020-11-06",34.3294069616021,12.7810306850533,13.6576653123437,7.36048929705872,0.530221667146415
"2020-11-07",34.1127460787471,1.63253992319562,22.5611573870937,9.66726560094585,0.251783167511897
"2020-11-08",27.3131101302269,1.13030724917055,24.3973042492622,1.58334588042559,0.202152751368578
"2020-11-09",31.1701741196841,13.0380204636588,11.8793527673835,5.81672959459983,0.436071294041957
"2020-11-10",31.3986778886452,12.6599039471916,11.8659287027285,6.32205506972332,0.55079016900179
"2020-11-11",32.8989559558787,14.1866616167648,11.4440248152139,6.76007743779663,0.50819208610336
"2020-11-12",31.9814598759199,13.0459063352397,11.8462365804737,6.61919161934051,0.47012534086598
"2020-11-13",35.7192646974756,13.4582856833966,14.2051391322578,7.38502387917089,0.670816002650316
"2020-11-14",35.0602127116922,1.79098162013973,22.8658904800408,10.0754941980642,0.327846413447398
"2020-11-15",29.5917094179849,1.21335215222823,26.363446111214,1.8412700908739,0.173641063668812
"2020-11-16",30.3303008928435,13.5212574965244,9.95497967239911,6.15750713326357,0.696556590656415
"2020-11-17",30.7213439074757,13.1947758446441,11.4050880241729,5.61889608922076,0.502583949437897
"2020-11-18",34.0758656845494,13.4307338791228,13.1596960438888,6.719629507315,0.76580625422287
"2020-11-19",33.9862053590345,13.7449679124164,11.8671624937208,7.85511402434061,0.518960928556735
"2020-11-20",37.3711918692758,13.2837681261135,14.7047625985566,8.76646292451615,0.61619822008963
"2020-11-21",35.0391248637805,2.1059913350447,23.2604716557171,9.3712987755366,0.301363097482058
"2020-11-22",29.00076621107,1.21270728512018,25.451668152335,2.22134351336891,0.115047260245861
"2020-11-23",31.5929274071817,13.5151439152995,11.432344832234,5.98422406379579,0.661214595852389
"2020-11-24",33.2248012162861,13.7208553234094,12.7161066611664,6.42056564553961,0.367273586170733
"2020-11-25",34.1134128469093,13.4062801135944,13.2734329360907,6.77988921370382,0.653810583520326
"2020-11-26",37.7163693099381,14.9586951604649,13.6531727787572,8.40730126804541,0.697200102670619
"2020-11-27",38.5304435512668,13.1486453841521,15.4934675089868,9.45957055616448,0.4287601019634
"2020-11-28",34.6577408059125,1.9769357153105,22.1199485585556,10.2201651620763,0.340691369970074
"2020-11-29",27.6610506081563,1.03686546910172,24.6800638252543,1.83921309198099,0.104908221819323
"2020-11-30",33.9313122996811,14.4980274819146,12.2160324016254,6.69734330990531,0.519909106235848
"2020-12-01",31.3572518405238,13.6986601730588,10.6960829679337,6.39794852388226,0.564560175649043
"2020-12-02",34.0396825857568,14.2407839618484,12.2823798171086,6.68235317251564,0.834165634284101
"2020-12-03",35.5465225566574,15.0621470429164,12.7539790937909,7.2320043140956,0.498392105854576
"2020-12-04",36.1764693551956,13.2545697342695,13.9204498829511,8.59095543223224,0.410494305742782
"2020-12-05",29.908718532042,2.22289667126248,18.0883623853866,9.20082475015192,0.396634725240987
"2020-12-06",24.1967505036747,1.23365439174755,21.5080115548367,1.38568913186077,0.0693954252296995
"2020-12-07",31.6094270702451,13.9557098575348,10.8803451259196,6.41631023170981,0.357061855080862
"2020-12-08",32.1316709281724,11.5858669689935,12.6299185646942,7.17966797099198,0.73621742349273
"2020-12-09",31.5354666520835,13.9820958328312,10.2342482033903,6.87459954810041,0.444523067761632
"2020-12-10",33.9348429360969,13.681151425023,12.5656508317686,7.1041348993889,0.583905779916378
"2020-12-11",36.2089373695965,13.5632952601501,13.6643440248268,8.67292881951079,0.308369265108828
"2020-12-12",29.8492170059129,1.77881995135706,17.8464521406654,10.0565003491244,0.167444564766056
"2020-12-13",26.9287210788903,1.25647080450997,23.5229750161988,1.75601182706368,0.393263431117857
"2020-12-14",33.4284153075367,14.3540135711151,12.0490307996646,6.62638944333941,0.398981493417576
"2020-12-15",32.2807413690029,15.5882108918828,9.85564273466031,6.39603431110179,0.440853431357991
"2020-12-16",34.5432480216866,13.974941299814,12.3076361933209,7.75492193433151,0.505748594220126
"2020-12-17",35.9886828517831,15.1642072901482,13.1337469953161,7.17600973692718,0.514718829391691
"2020-12-18",40.1896060225477,13.9303927971698,15.6115359262637,10.1548607404676,0.492816558646658
"2020-12-19",35.2245462352158,2.11186557387142,22.9052194380062,9.9757376997272,0.231723523611004
"2020-12-20",24.9835717159467,1.32822341258782,21.9747713237419,1.47462561680372,0.205951362813212
"2020-12-21",33.6504526259638,11.6234933784463,12.6290265919968,8.88757077776392,0.510361877756768
"2020-12-22",33.6540358049187,11.8791287445335,12.7822869582678,8.3885979481143,0.604022154003193
"2020-12-23",35.1658005258384,13.0063608218045,12.87685631624,8.85599370402191,0.426589683772012
"2020-12-24",30.8386835996242,10.1881886266376,13.2874274825926,7.00709587132119,0.35597161907277
"2020-12-25",29.1479279397857,1.72668701421321,23.6741990095259,3.35514942375904,0.3918924922876
"2020-12-26",35.1067303610676,2.064862863019,27.2576934383075,5.39167828141393,0.392495778327207
"2020-12-27",27.8915545855899,1.56757626138504,24.9456456700894,1.27781940799995,0.100513246115524
"2020-12-28",28.8491196471546,9.29645070906758,11.9122656531972,7.34046541228963,0.299937872600171
"2020-12-29",32.0621491740211,10.4708091543055,13.4420931991395,7.79475268189021,0.354494138685875
"2020-12-30",34.3577010728511,9.83401049852566,15.1952660950506,8.94119748873462,0.387226990540199
"2020-12-31",29.1766368137337,7.75656456529325,13.6662047712355,7.50849349267682,0.245373984528092
"2021-01-01",22.3592006183096,1.7809823571439,17.5346417871477,2.85861740115811,0.184959072859929
"2021-01-02",31.5938851719967,1.67899804637923,21.9568655620441,7.83666065703142,0.121360906541902
"2021-01-03",25.2754147633082,1.51486108661931,22.1604214149109,1.41654653666069,0.183585725117254
"2021-01-04",29.4511656429856,12.1352207459249,10.9303007428673,6.12757414664771,0.258070007545676
"2021-01-05",28.7746037413437,12.4353944967453,10.1714678793825,5.63102666768724,0.536714697528632
"2021-01-06",28.4012796710909,11.601066952724,10.3926541109036,5.77341932207691,0.634139285386401
"2021-01-07",33.9867160871173,13.2025927026355,14.0303871313561,6.28417702701331,0.469559226112357
"2021-01-08",35.0146136053919,12.7409424523855,13.7557089877401,8.20682456969306,0.311137595573211
"2021-01-09",33.1816020294306,1.71197756960273,22.4977547609517,8.64359151610718,0.328278182769018
"2021-01-10",28.3836533369469,1.27926910850395,25.663200442949,1.13658472165058,0.304599063843321
"2021-01-11",31.8511966430875,14.219925850191,11.5565974553699,5.39998099146796,0.674692346058624
"2021-01-12",27.575926222012,13.6037607223726,8.36094987731682,5.24244906051523,0.36876656180737
"2021-01-13",31.0670751518253,13.3481038763668,10.651549599218,6.46508365902222,0.602338017218257
"2021-01-14",29.6396127020795,12.7098879246601,10.4072609142605,6.15290165981306,0.369562203345843
"2021-01-15",31.0341149705863,12.2006390767558,11.6722303709716,6.79980872935412,0.361436793504769
"2021-01-16",31.9264201461005,2.02377904146061,20.4347706273046,9.23736448031596,0.230505997019341
"2021-01-17",22.4973347386474,1.13420463940071,19.4633014985314,1.52791980191612,0.371908798799158
"2021-01-18",27.9577467337459,12.2057673057014,10.7115529744082,4.5658280874971,0.474598366139176
"2021-01-19",28.9295942848492,12.7635247108612,10.9734830723263,4.74857161447102,0.444014887190603
"2021-01-20",31.5770647012021,12.6255802054894,13.0627985557689,5.16235791438788,0.726328025555929
"2021-01-21",29.0537996680766,11.8749791823212,11.0987777771793,5.39667819692229,0.683364511653811
"2021-01-22",32.8843833182716,12.0103570344895,14.4316930554228,6.02780065431092,0.414532574048341
"2021-01-23",28.973605980016,1.6134281381846,20.0192709808889,7.1045583276927,0.236348533249796
"2021-01-24",28.5806800227251,0.911605639667442,25.9268122971351,1.56069941180918,0.18156267411339
"2021-01-25",27.6754945294129,12.369086447127,10.2162752414043,4.70292348998187,0.387209350899692
"2021-01-26",30.1763156448771,13.0349479513503,11.4913335918758,5.09074712860239,0.559286973048619
"2021-01-27",29.3856009843027,12.1243584263087,11.3673232222818,5.20577981396305,0.68813952174915
"2021-01-28",30.0746250364312,12.6837956226511,11.0657076914936,5.95138367068464,0.3737380516018
"2021-01-29",32.8985855400404,12.5133762566851,12.8843586061236,6.88314709789225,0.617703579339395
"2021-01-30",27.754229635122,2.0700657674763,18.6752603340119,6.77703926550713,0.231864268126693
"2021-01-31",27.3896382421495,1.1574774785724,24.2588029176561,1.7561817992516,0.217176046669383
"2021-02-01",29.3953177121277,12.907501082217,11.6899312593711,4.32293394569227,0.474951424847332
"2021-02-02",30.2730449755483,12.9167125157117,11.0962554946282,5.73393589590172,0.526141069306755
"2021-02-03",29.8991146415231,12.1691193937653,12.196903892847,5.03821116324485,0.494880191665934
"2021-02-04",32.3688179992375,12.9900280990682,12.8641733798391,6.08306839486641,0.43154812546384
"2021-02-05",37.1603484310979,12.5373195083191,17.0047485607011,7.12464014451877,0.493640217558892
"2021-02-06",33.9841523643973,1.6855995574955,24.2492856199157,7.87788129279724,0.171385894188907
"2021-02-07",24.0387320448943,1.17502333852225,21.2262863103577,1.39116674601934,0.246255649995017
"2021-02-08",29.5682861455436,11.8229884880787,11.7463162892957,5.37643779018717,0.622543577982053
"2021-02-09",30.0403480037165,12.2246509494218,11.4217239651462,5.78494705531719,0.609026033831368
"2021-02-10",29.8790834059537,12.8923142686328,11.1069687857122,5.42805636887728,0.451743982731431
"2021-02-11",31.939976275819,13.1919848293181,12.6021958338371,5.4532244800346,0.692571132629252
"2021-02-12",35.4117859308755,12.0746649872165,15.9499444556967,6.9543620276685,0.432814460293823
"2021-02-13",34.8464764562601,1.7110853469379,23.9196404243009,9.06133034044081,0.154420344580529
"2021-02-14",32.2502902041295,1.12638508075466,28.638539438146,2.30656032700599,0.178805358222859
"2021-02-15",32.1880179035639,12.7942639912393,13.5314602513786,5.21649395414257,0.645799706803473
"2021-02-16",31.0495017899598,12.5302779399789,12.5973233216756,5.40345781690925,0.518442711395995
"2021-02-17",33.4523251209918,12.4072280866941,13.8842729406524,6.56233121722027,0.598492876425067
"2021-02-18",33.3674521498651,12.5945971857966,14.2716478517641,5.88260902632282,0.618598085981568
"2021-02-19",38.3189487368758,12.0883424478145,17.4378491713733,8.21393291827591,0.578824199412063
"2021-02-20",39.6501518437664,2.20737829686513,28.4995452585308,8.58070123873979,0.362527049630719
"2021-02-21",38.8826617918663,1.21571741343176,34.6016525520475,2.64466369654363,0.42062812984341
"2021-02-22",30.984047141828,11.6713760905363,13.316138600724,5.23594578630497,0.760586664262722
"2021-02-23",32.5346341357926,13.193374204114,13.1664927674543,5.48857324262045,0.686193921603887
"2021-02-24",33.4297860690728,13.1830393886627,14.0624810710323,5.58788328667336,0.596382322704403
"2021-02-25",34.8911375899727,13.431970474972,14.5099857312911,6.32235511290458,0.626826270804997
"2021-02-26",38.8260341512943,13.0311835959562,16.9332750569171,8.34556569335216,0.516009805068862
"2021-02-27",35.8864130161673,1.67245977941001,25.7065089802635,8.19248580138312,0.314958455110712
"2021-02-28",33.7638566693386,1.49441041297287,30.2797644322686,1.86445674035904,0.125225083738062
"2021-03-01",33.1824774234115,13.1970825856133,12.7070158534262,6.65605637858165,0.622322605790332
"2021-03-02",32.7366453677675,13.207647673187,12.8775341492396,6.10432325219189,0.54714029314904
"2021-03-03",33.3032331414618,13.8253900693873,12.8614338847795,5.90236902059383,0.714040166701243
"2021-03-04",33.7709281029632,13.6561572884029,12.1987527724968,7.11331422555695,0.802703816506545
"2021-03-05",37.4554950511511,12.9863770982114,15.8944678605545,8.02473417564719,0.549915916737953
"2021-03-06",38.0977533944812,2.1651599794681,24.3747676874653,11.2572843828563,0.30054134469155
"2021-03-07",30.1876950181722,1.15736303805427,26.5126219083369,1.94105010774211,0.576659964038874
"2021-03-08",30.6719278473954,13.0493320962306,10.9753907786618,5.96638057234679,0.680824400156281
"2021-03-09",31.5410174548086,13.3301908959913,11.0505929527176,6.68548373948832,0.47474986661132
"2021-03-10",34.4618354968785,13.9324879004784,13.8423181107971,6.01364650728121,0.673382978321811
"2021-03-11",32.8669569425688,13.9651882455237,11.6741673153952,6.39180496945442,0.835796412195557
"2021-03-12",37.1096231508128,12.3195020756289,14.8513283797525,9.23669690773947,0.702095787691902
"2021-03-13",35.7147325956912,2.26263436444959,22.5681932496308,10.5739415927495,0.3099633888614
"2021-03-14",27.4011026066491,1.38543761696888,23.9032403542517,1.78924680819325,0.323177827235294
