"Date","Total","Car_Motorcycle","PublicTransport","Foot","Other"
"2020-01-01",34.0560874256025,25.0117587032385,5.51469355890513,1.88676624078414,1.64286892299121
"2020-01-02",43.8909272338134,32.7924270917137,7.38281063097688,2.17480019354586,1.54088931739961
"2020-01-03",43.531127626385,31.4649485825801,8.32714930807384,2.183164653795,1.55586508185077
"2020-01-04",38.6027839783367,29.5766337184787,5.76152982293829,1.98401476073648,1.28060567667639
"2020-01-05",34.3908608416434,24.5783620651152,6.15493606408769,2.26562297984665,1.39193973310566
"2020-01-06",38.6478514906159,26.5927091399801,8.58346689199388,2.1806903819186,1.29098507691131
"2020-01-07",36.8527596795923,24.6625804129889,8.87491468540412,2.23281189004408,1.08245269091052
"2020-01-08",35.2147901539453,23.5116231926099,8.49687492717509,2.07281070641937,1.13348132759169
"2020-01-09",40.4526246002309,26.4045219149007,10.2923571310856,2.44521816591608,1.31052738801977
"2020-01-10",44.1472242907928,29.7821389572369,10.8510112963709,2.34223127554382,1.1718427612949
"2020-01-11",40.4821497215316,29.9253037521275,6.49667871482332,2.37384353609451,1.68632371837362
"2020-01-12",38.6927154399635,28.2229978632467,6.85667177962606,2.25377815538835,1.35926764156824
"2020-01-13",41.5468651883933,27.8844524666399,10.2122835252702,2.28372320528201,1.16640599171354
"2020-01-14",42.432668958773,27.6010733945338,11.0853085540711,2.43856407540417,1.30772293492543
"2020-01-15",42.6836202334216,27.5727846455898,11.3463628170238,2.50447252843621,1.26000024270724
"2020-01-16",44.6344273603544,29.8800983027425,10.8261619049201,2.5469797888419,1.38118736371432
"2020-01-17",47.4488796347127,32.1933854367944,11.5737333227371,2.44047460782779,1.24128626723287
"2020-01-18",42.5375139865621,30.9432723608004,7.80781240107635,2.37458699589848,1.41184222868396
"2020-01-19",36.9775576952561,26.8532209457655,7.00321313165253,1.98898264765166,1.13214096997096
"2020-01-20",41.7948145602949,27.8160101866304,10.2937144378061,2.41691809786054,1.26817183848694
"2020-01-21",42.5593244270332,28.3281902344951,10.4640387104944,2.48398696904864,1.28310851251314
"2020-01-22",42.2431299417586,27.6564309085192,10.7018424554859,2.52471328576839,1.36014329180109
"2020-01-23",43.5370181364916,27.774953367078,11.8460064539841,2.54120234670652,1.37485596841388
"2020-01-24",49.5880524592954,33.131185161372,12.3288160479524,2.70270918957292,1.42534206103542
"2020-01-25",45.9398559235729,33.8453737451972,8.10629248000104,2.42313931416537,1.56505038427253
"2020-01-26",40.4019960889142,28.4012520876693,8.34719563773324,2.1276181831497,1.52593018055751
"2020-01-27",40.9843160407228,27.7219426851203,9.64647007200392,2.31123081131481,1.30467247212246
"2020-01-28",42.4346542045341,26.3455785011904,12.6464715797477,2.21980998945459,1.22279413378767
"2020-01-29",42.0698346432066,27.9006060015722,10.6168875095395,2.35918838040386,1.19315275158934
"2020-01-30",45.9284185577833,29.624454702939,12.0821248937924,2.66734753909457,1.55449142180138
"2020-01-31",48.5990237749248,32.9300305579974,11.2586448375811,2.66192132843453,1.74842705098645
"2020-02-01",43.8878374199827,31.9958075414107,7.86752342029038,2.54289783115044,1.48160862729569
"2020-02-02",38.4717692361716,27.4840540770866,8.26039671247316,1.75230686568963,0.97501158118152
"2020-02-03",41.0872684935786,26.5676725669742,10.8351376794401,2.31929534922765,1.36516289841036
"2020-02-04",41.1068032363827,26.0052853651081,11.4455389594453,2.43337292257737,1.22260598925746
"2020-02-05",44.0863090909229,29.0703111267733,10.9906273414184,2.61236180816187,1.41300881418661
"2020-02-06",47.0322000746248,29.803608544268,12.5343796488702,2.81467200560642,1.87953987618878
"2020-02-07",52.5853563350851,33.8796481836926,13.8884752500762,2.84383836163773,1.97339454026482
"2020-02-08",50.5168654474696,36.589716528034,9.05097043060911,2.79098999878788,2.08518848982874
"2020-02-09",43.4287433401289,29.4119887393098,9.71181428089953,2.56120381564723,1.74373650422316
"2020-02-10",38.5321955372026,25.7449458960088,9.61745281175111,2.21485931720213,0.954937512249219
"2020-02-11",40.8259609113997,26.7311674235539,10.6322870878399,2.43244039974195,1.03006600055585
"2020-02-12",42.6120887769846,28.4044816236109,10.0675267046085,2.55950273519656,1.58057771373729
"2020-02-13",44.3694366013565,29.1073523898185,11.4390396670131,2.54244054943741,1.280603995175
"2020-02-14",49.3116114245244,32.420843998573,12.5206558193276,2.73546986684473,1.6346417403957
"2020-02-15",47.8433750238726,35.0915444509585,7.70574124187065,2.77523154736734,2.27085778361842
"2020-02-16",36.7341236621766,26.5602366601344,6.9753971531564,1.98720718867852,1.21128265997093
"2020-02-17",39.3135988661989,26.2506036684637,9.64032802102737,2.22011653984542,1.2025506368158
"2020-02-18",41.7698082859711,26.9904394513939,10.7750711476763,2.49353876020702,1.51075892664098
"2020-02-19",41.2294529579,27.8029486153675,9.85184535191592,2.32617790148534,1.24848108907122
"2020-02-20",43.770282357283,27.9569522214118,11.7136126018434,2.65699016930661,1.44272736426366
"2020-02-21",46.6128654675147,30.3334238048351,12.1946420542867,2.66271627792066,1.42208332992751
"2020-02-22",44.6729377685529,31.892832632541,8.38451889106135,2.66493578276731,1.73065046158557
"2020-02-23",37.8523719466677,26.9950044534276,7.65650982841834,1.99698893189969,1.20386873350589
"2020-02-24",41.930296858026,27.5372924646885,10.2531010834824,2.57553637935494,1.56436693025389
"2020-02-25",39.5193470540063,26.0738421976396,9.8121604936012,2.33368178883771,1.29966257349148
"2020-02-26",39.0248698516956,25.4653264122974,10.2211288903689,2.18250491484336,1.15590963370558
"2020-02-27",41.1615329882004,26.6719598924984,10.9488344771898,2.37031407314995,1.1704245455044
"2020-02-28",45.811717927835,29.1353921689206,12.5159293540434,2.6111725363813,1.54922386823775
"2020-02-29",39.7671090581221,28.8981241000548,7.31175766091637,2.2879649342334,1.26926236310208
"2020-03-01",36.2524923506833,24.6630383255081,8.25648323619491,2.10579488468182,1.22717590414096
"2020-03-02",38.2506154638616,26.0443385279801,9.05762649707354,2.18826537197705,0.960385066783079
"2020-03-03",39.4166899100207,26.7847840716501,9.05142360823484,2.45175591231953,1.12872631784176
"2020-03-04",42.2269239082109,27.5869704070629,10.6905057929901,2.53076447792428,1.41868322965732
"2020-03-05",40.9404716869639,26.6967072877473,10.777186219275,2.24602071973779,1.22055745967237
"2020-03-06",42.80920428281,28.7734408540818,10.3659074406556,2.31514079241718,1.35471519541376
"2020-03-07",38.8930471581759,28.4413241669084,6.82194559596621,2.30629845476894,1.32347894031963
"2020-03-08",38.4418954381976,27.339609098118,7.50471977363198,2.1492972260801,1.44826934071535
"2020-03-09",36.8164765392767,24.8155161007842,8.87848955657481,2.19240811772263,0.930062763978022
"2020-03-10",36.7898248245568,23.9900834570306,9.58847749744721,2.20208814843046,1.0091757211775
"2020-03-11",38.3372407309164,25.7153467473559,9.09429876664179,2.39986425861279,1.12773095839741
"2020-03-12",40.2167858495972,26.8877339487081,9.64538060573994,2.47988629480408,1.20378500040657
"2020-03-13",39.0322724733415,26.1877479141379,9.16277935639746,2.43883542667959,1.24290977579477
"2020-03-14",31.3100307494532,22.9760633086833,5.06765893141231,2.22170147920301,1.04460702983989
"2020-03-15",26.390750435462,19.0441301093791,4.02911839715652,2.41510114730058,0.902400781609019
"2020-03-16",28.6003992666145,20.8804085031148,4.80993174671842,2.16118709704257,0.748871919827816
"2020-03-17",23.6459341178778,17.4770392287406,3.53463271406655,1.97620776811884,0.658054407059708
"2020-03-18",22.2735679938469,16.5842572803317,2.91818734770185,2.07732775899898,0.693795606782036
"2020-03-19",21.1585826626719,15.6953930944262,2.77709316177344,2.00318049415932,0.68291591221522
"2020-03-20",22.1927787536873,16.7436330799197,2.84599710001573,1.83105416789263,0.772094405730832
"2020-03-21",14.0971068993406,10.7269855168074,1.13037143561033,1.74926053020505,0.490489416759862
"2020-03-22",11.5712583491889,8.0246276827036,1.58910934987627,1.50728822190611,0.450233094856919
"2020-03-23",17.3444112065556,13.1302450762768,2.02998619568332,1.59648917083601,0.587690763795232
"2020-03-24",17.1749309527563,12.9747973614213,1.91625569027836,1.7259308449802,0.557947055874935
"2020-03-25",16.4244169191794,12.4331574383722,1.74713131832667,1.58654968645694,0.657578476019847
"2020-03-26",17.6300142247119,13.7773207126812,1.59289823661295,1.67672074399026,0.583074531327037
"2020-03-27",18.7379783202032,14.1374846087537,2.1237047335063,1.84562738712118,0.631161590879818
"2020-03-28",17.0835167003917,12.9628192045625,1.3613843521386,2.11286948162325,0.646443662415385
"2020-03-29",11.4325813185938,8.41120208691883,1.04110975206823,1.51035740268424,0.469912077099538
"2020-03-30",17.2752716414541,13.5310479337061,1.78144628043548,1.44422211675733,0.518555310523222
"2020-03-31",16.3258542279095,12.4015579232213,1.60162230485852,1.75696550019493,0.565708499363167
"2020-04-01",17.9330215977428,13.5072700921178,1.77168522945583,1.96675903305523,0.687307242871613
"2020-04-02",18.2160551281442,13.6814069704788,2.06248008463939,1.86848961246818,0.603678460710789
"2020-04-03",20.3993321679129,15.7427234213748,2.07371806660997,1.89478785076476,0.688102829170795
"2020-04-04",18.0466403090821,13.7578755096068,1.51727741160421,2.0661217683752,0.705365619451256
"2020-04-05",16.2891755743087,12.1017577822937,1.14628955648281,2.15185172079755,0.88927651449917
"2020-04-06",18.8815018917239,14.0855826966547,2.24995632936473,1.81750436445837,0.728458501377096
"2020-04-07",18.8219810638079,13.9013853589669,2.37037046737726,1.89918375716853,0.651041480204298
"2020-04-08",20.4311474332928,15.6123333112791,2.07749288751149,1.943033642894,0.798287591537704
"2020-04-09",22.817278498375,17.747198147066,2.34425854608518,2.01063812191102,0.715183683271273
"2020-04-10",18.4041569170607,13.9839167515621,1.49560468355843,2.33139001827411,0.593245463806474
"2020-04-11",19.2501687919,14.6042596507189,1.68245533420057,2.18222328830116,0.781230518759403
"2020-04-12",15.7783930986451,11.5872620908538,1.22412958889216,2.28768203483657,0.679319384209911
"2020-04-13",16.3530833930095,12.2014143790178,1.48644016736303,2.05493852521774,0.610290321370458
"2020-04-14",18.4158752918351,14.0592395559161,1.82474099773686,1.80144558830605,0.730449150173874
"2020-04-15",21.6186413081315,16.1463759500638,2.45832132749302,2.08727196406347,0.926672066560776
"2020-04-16",20.4071605664813,15.3064138815032,2.32665284257534,2.05906693432316,0.715026908417903
"2020-04-17",22.8412535956492,17.7390845723116,2.14931142901779,2.15385457014447,0.799003024572375
"2020-04-18",19.9351459254078,15.0076813700793,1.92105436199073,2.29884284271084,0.707567351066622
"2020-04-19",18.0635726863519,12.8402709125535,2.18828183256137,2.34508473838576,0.689935203135428
"2020-04-20",20.1956164091561,15.4147932383181,2.27782970837715,1.85733133873729,0.645662124047379
"2020-04-21",20.6214157687659,15.8901959966725,2.26092234409351,1.81264339268785,0.657654035357044
"2020-04-22",21.9933763609387,16.959227025074,2.19858850795988,2.03942043198999,0.796140395807404
"2020-04-23",23.6066401420996,18.3137135991247,2.36097720799759,2.09320563959846,0.838743695494323
"2020-04-24",24.2012274624298,18.2347546436224,2.90436724210734,2.325838286605,0.73626729010541
"2020-04-25",22.8647019262785,17.5059793338135,2.28909189848699,2.29946407787332,0.770166616008832
"2020-04-26",18.9938725303095,13.7166376826677,2.2917515924584,2.27135726720807,0.714125987722344
"2020-04-27",23.6441643395382,17.5651923702891,3.12352284345067,2.08100840505521,0.87444072050602
"2020-04-28",22.5039925551391,17.2252198363806,2.93006894471474,1.70439563013378,0.644308143999388
"2020-04-29",23.1717947689888,17.79908660919,2.75827925765981,1.89011828512021,0.724310616731553
"2020-04-30",23.7083045805756,18.5876001293393,2.84205265933372,1.63126939228554,0.64738240010957
"2020-05-01",23.5076211941402,18.2494104489635,2.76841161183246,1.8819958323181,0.607803300915271
"2020-05-02",20.199032810974,15.3244315090288,2.36878052207921,1.8385543073939,0.667266472504521
"2020-05-03",21.4739635690853,15.8634675524248,2.49934067979356,2.42425258794606,0.686902748984825
"2020-05-04",25.0770209077564,19.218724887133,2.9216339405898,2.11297439030592,0.823687689924329
"2020-05-05",22.8458894429179,17.8667820807202,2.74408606949662,1.64128293300667,0.593738359714142
"2020-05-06",25.3384133871309,18.8125945965915,3.59036315849134,2.07647520363226,0.858980428238393
"2020-05-07",28.7833555100686,21.8913153728371,3.49540395486556,2.36902028686965,1.02761589510532
"2020-05-08",28.5900755930299,21.8151724552455,3.56085421413926,2.35806287089422,0.855986052956792
"2020-05-09",26.4850262064504,20.2227014972359,2.76536068945901,2.57602695987543,0.920937059933558
"2020-05-10",26.4248004422891,20.1216452935829,3.30122249009992,2.22842940012048,0.77350325835826
"2020-05-11",24.5940984615221,18.4570120022318,3.51081024212191,1.83622002165908,0.790056195582941
"2020-05-12",27.2904437483012,20.3955177240427,3.87729963065223,2.23032155187334,0.78730484195756
"2020-05-13",27.6336476337884,21.3521973422433,3.76364773510028,1.8495101553574,0.66829240092575
"2020-05-14",28.4405271804793,21.1305515303434,4.44714558603847,1.96770246324236,0.895127600876473
"2020-05-15",29.3300424212385,22.3949937514075,3.95911898777252,2.10300870378524,0.872920978181724
"2020-05-16",27.8630318167761,21.4103914400619,3.13532199757787,2.46235602848584,0.854962350467319
"2020-05-17",29.2918373307462,22.0070756995712,3.48854081471216,2.79332183047167,1.00289898593617
"2020-05-18",30.7042027451938,23.1813059169932,4.47195133893192,2.27175241303672,0.779193076464347
"2020-05-19",33.2535691773332,25.2518100717671,4.83249461461618,2.33436701112446,0.83489747963106
"2020-05-20",34.8441049399366,26.3066897317692,5.25085498622781,2.45428800193747,0.832272220204279
"2020-05-21",36.9239983233453,28.2604793475248,4.57862374555973,2.99816973036719,1.08672549979303
"2020-05-22",37.2765383104472,27.8045444484322,5.73523805101949,2.63710331453417,1.09965249681268
"2020-05-23",26.484279895608,20.6207916127665,3.32192613874694,1.93950327819987,0.602058865675699
"2020-05-24",33.3221144912801,25.330645288267,4.46945029881195,2.63246743554233,0.88955146851727
"2020-05-25",31.1694596527659,23.6428336132084,4.47621283609067,2.17934345901917,0.871069744431298
"2020-05-26",31.8186407434813,23.6391263737952,5.03263097806893,2.29019200967125,0.856691381993705
"2020-05-27",32.8469442049643,24.0105225937399,5.64148425100392,2.36361207621182,0.83132528471139
"2020-05-28",33.1052768239094,24.7921061000018,5.03692879360974,2.3154002003516,0.960841730057282
"2020-05-29",35.9380670815317,27.2798230334011,5.28357168456977,2.50111994838343,0.873552415289821
"2020-05-30",36.2021658979653,27.4806688369691,4.9438003071659,2.81193216585807,0.965764588299018
"2020-05-31",36.3205523651064,27.6577011172015,4.75157915220363,3.0163663954188,0.894905700085663
"2020-06-01",38.3087937614804,29.5955135826128,5.06831844885742,2.76667186465105,0.878289865359152
"2020-06-02",33.7004516978376,25.1499264490143,5.29973415727075,2.30742277450672,0.943368317045841
"2020-06-03",34.6463149114318,25.9424892793007,5.55386361894754,2.33472956032416,0.815232452859407
"2020-06-04",31.7767722088127,23.3627254128638,5.60523502630641,1.92875278628439,0.880058983358094
"2020-06-05",34.7656440433795,26.282371980289,5.50269234751625,2.13250382534269,0.848075890231523
"2020-06-06",32.4682187039215,24.9111976525605,4.52707048228899,2.21940868848021,0.810541880591766
"2020-06-07",25.5958763230864,19.1618733751021,4.03876911985939,1.68589255199672,0.709341276128233
"2020-06-08",32.2809102373331,23.7373764596234,5.31061364717369,2.28911875451301,0.943801376023052
"2020-06-09",33.1875366179513,24.0811273976374,5.98485362241632,2.25190687838334,0.869648719514239
"2020-06-10",35.7474112677947,26.2216628036823,6.46365283102243,2.24092316869726,0.821172464392747
"2020-06-11",36.7329083533083,27.1263212916171,6.40466725805049,2.29536469085495,0.90655511278577
"2020-06-12",42.1320406941747,30.987313488003,7.35854761510263,2.67282465348354,1.11335493758551
"2020-06-13",34.3254979474707,26.104220843063,5.08893868205625,2.31304349730561,0.819294925045824
"2020-06-14",31.0720665792238,24.2168244544211,4.26628947030149,1.94324384171212,0.645708812789107
"2020-06-15",35.1973203091743,26.2524710574006,5.70982497265998,2.31586206383002,0.919162215283657
"2020-06-16",34.6872375207941,26.05490016208,5.45842654075128,2.38474627925205,0.789164538710795
"2020-06-17",36.0326624084609,25.9731295666247,6.87839585318929,2.16778671089408,1.01335027775288
"2020-06-18",40.3414066057024,29.9925554209241,6.92135541965732,2.39679853211728,1.03069723300373
"2020-06-19",45.0468465528983,33.7747830918777,7.84088804313242,2.43130035655259,0.999875061335568
"2020-06-20",41.54744216981,32.2023352657099,5.52368579060731,2.65370290934271,1.16771820415008
"2020-06-21",43.4011110153081,34.0176317834397,5.56040984150717,2.63996110554803,1.18310828481322
"2020-06-22",38.1815144739494,28.7126496503359,6.0327931502844,2.41973572089016,1.01633595243894
"2020-06-23",40.8589150420918,29.511505027874,7.65124222630721,2.64823089462535,1.04793689328521
"2020-06-24",42.1801266444798,31.319513154437,6.82225622981048,2.75208123843425,1.28627602179803
"2020-06-25",43.5545931335609,32.1480220641272,7.67696774275719,2.61278106729787,1.11682225937865
"2020-06-26",45.9018921932637,34.1897881537243,7.96361354954923,2.61918761041612,1.129302879574
"2020-06-27",42.5630317591506,32.934851395417,6.01975296581227,2.55874002929574,1.04968736862558
"2020-06-28",39.0557779197769,30.0776809170252,5.79386299130104,2.12820284063236,1.05603117081836
"2020-06-29",36.7870115905435,27.783740947004,5.91700264368073,2.16574592574605,0.920522074112717
"2020-06-30",40.9005354852149,29.5069026030843,7.69352014338763,2.5496612360575,1.15045150268546
"2020-07-01",38.5528726945437,28.606682566982,6.54210674048787,2.3943187064254,1.00976468064847
"2020-07-02",43.9469783904614,32.498036162116,8.00812216510261,2.33270213295738,1.10811793028539
"2020-07-03",41.8213541602712,31.3966401195486,6.66223484687884,2.56010613577816,1.20237305806558
"2020-07-04",45.5639288148279,33.6164618883651,7.65954030858201,2.73404060261615,1.55388601526467
"2020-07-05",43.8761570818353,34.2444894324034,5.61971730572202,2.73976832406919,1.2721820196407
"2020-07-06",37.1528836095878,27.4867469044583,6.26780445224431,2.29503057400893,1.10330167887625
"2020-07-07",41.9022400577263,30.8994278839862,7.14121387063151,2.63525584041247,1.22634246269611
"2020-07-08",42.5812850090432,31.8381762341089,7.0422405364584,2.56885618279808,1.13201205567777
"2020-07-09",44.6702370164127,33.2490261837242,7.84725711004435,2.54498233760803,1.02897138503616
"2020-07-10",46.252092467503,34.1714457612119,8.4630523556702,2.49510244029579,1.12249191032507
"2020-07-11",45.0868199305993,35.4839595605226,6.06084189956399,2.52032026930553,1.02169820120719
"2020-07-12",46.829473198337,36.6948373017947,6.15355031009441,2.771595189145,1.20949039730292
"2020-07-13",42.4438987107983,31.4846224733072,7.18514650930492,2.54874505218299,1.22538467600314
"2020-07-14",41.6884698592105,30.4671326408502,7.30078129445226,2.68563867373781,1.23491725017021
"2020-07-15",41.0490789297076,30.7770305589308,6.85247804126202,2.33233092746589,1.0872394020489
"2020-07-16",40.6036238119592,30.3882432999784,6.73922543598767,2.31411856565351,1.16203651033963
"2020-07-17",48.0658104500553,36.2600364562372,7.96595200902286,2.57863967382842,1.26118231096681
"2020-07-18",51.1389129010104,41.0960059914672,6.05803797782881,2.84062549937919,1.14424343233523
"2020-07-19",50.761663027096,39.0406471956097,7.56327777187825,2.727743869483,1.4299941901251
"2020-07-20",43.965888684197,33.275011867551,6.77632070143587,2.73558436773942,1.17897174747073
"2020-07-21",41.3881685300426,30.5229597472278,7.10660685533805,2.60505470901159,1.15354721846515
"2020-07-22",41.7769418994141,31.3207703808173,6.7663099523667,2.53146419124799,1.15839737498214
"2020-07-23",45.7916910701077,34.4688723262665,7.3866343439701,2.75624298660862,1.17994141326251
"2020-07-24",46.2788939791396,35.0907393694983,7.6770083948469,2.41779085050964,1.09335536428475
"2020-07-25",52.5858963411864,41.3237308633966,7.02643362630638,2.98209136119648,1.25364049028692
"2020-07-26",44.090010060465,34.9490357136806,5.31559774092425,2.49858666497568,1.32678994088449
"2020-07-27",44.4502448951883,33.4520854719859,7.03426252646388,2.74555451701307,1.21834237972547
"2020-07-28",43.0338113391418,31.8375165536058,7.42678650280649,2.50861701698218,1.2608912657473
"2020-07-29",46.7186067066442,34.9631932339899,7.81913786414815,2.73670498500033,1.19957062350584
"2020-07-30",48.4590409234953,36.8271183408518,7.73901776421916,2.65007123049989,1.24283358792445
"2020-07-31",52.1467678942849,40.0027570645962,8.17610137145703,2.80434081106605,1.16356864716567
"2020-08-01",46.2646887881912,36.4097973950208,6.10085571522352,2.52484628152609,1.22918939642079
"2020-08-02",41.9030487320419,32.3343814253296,6.31547480874662,2.01426750691177,1.23892499105396
"2020-08-03",39.2982877178417,30.1711937178725,6.06624566579378,2.04087468740513,1.01997364677029
"2020-08-04",38.3729232718832,29.4912433601456,5.53876044356159,2.22243585318026,1.12048361499575
"2020-08-05",45.5615202192913,33.6605921445321,7.85484266655588,2.85312275257151,1.19296265563186
"2020-08-06",46.3990016582482,35.1138716582752,7.26306509072884,2.69642316785472,1.3256417413895
"2020-08-07",48.8034112956227,37.1845012355775,7.55519115563105,2.7797468685506,1.28397203586358
"2020-08-08",51.1485770521192,39.5701087494801,7.32855437073831,2.75616724145409,1.4937466904467
"2020-08-09",47.4029667476464,37.3403629154717,6.27640180444527,2.51232165484073,1.27388037288868
"2020-08-10",41.2868670330224,31.0301369842958,6.71475184367931,2.49351239385298,1.0484664068202
"2020-08-11",42.0191054387797,31.3790558072734,6.86695602854849,2.55209090742738,1.22100269553039
"2020-08-12",43.3078324872714,32.5561389847093,7.04563965826559,2.58970160178091,1.11635224251561
"2020-08-13",42.2156754939078,31.2804638529627,7.5629323102729,2.42049523753049,0.951784093141677
"2020-08-14",48.6201124897927,37.3830097274015,7.57409260600499,2.51449958990088,1.14851056648538
"2020-08-15",48.185642321426,37.4820268212197,6.54573516978353,2.91422940914223,1.24365092128056
"2020-08-16",44.7970183835414,35.1400992192281,6.06339095697994,2.42600254254684,1.16752566478647
"2020-08-17",39.604976174952,29.1690535916492,7.10167663069654,2.33207332134435,1.00217263126189
"2020-08-18",39.7572249716487,28.9685371564656,7.42441411325915,2.34938593201814,1.01488776990582
"2020-08-19",45.2205364416394,31.8387201444643,9.34170040876995,2.65991329699363,1.38020259141155
"2020-08-20",45.9090991377711,32.9849157580683,8.83978330302717,2.7236158846001,1.36078419207556
"2020-08-21",48.0045552939751,34.9332385733784,9.02702126555229,2.76548175375621,1.27881370128824
"2020-08-22",42.2379706248966,32.7364062071232,6.05930475173113,2.461105779843,0.981153886199237
"2020-08-23",43.6807571155695,32.2558564723884,7.7046289622533,2.50283512761104,1.21743655331676
"2020-08-24",42.1178285895597,30.5251158037582,7.97365525086874,2.55082000796578,1.06823752696697
"2020-08-25",42.8467583139038,31.1554633998281,7.83537659081031,2.69981802465554,1.15610029860987
"2020-08-26",44.4353811750794,31.6967822896911,8.75478391643348,2.73964214793633,1.24417282101848
"2020-08-27",43.9717825736082,31.6943046341701,8.35899784052186,2.70598306625839,1.21249703265787
"2020-08-28",48.0855398631492,35.761903359923,8.77609587781357,2.47022448535825,1.07731614005434
"2020-08-29",41.5206837706977,33.3389687740565,5.18972239085269,2.1682479876232,0.823744804995544
"2020-08-30",35.1341936333229,27.1608228952429,5.64720751495565,1.55410445820701,0.77205843657007
"2020-08-31",40.5380598395218,29.6626858871689,7.4354517335772,2.40594448783088,1.03397765109177
"2020-09-01",42.3395206003242,30.9243257966226,7.62569162800714,2.54475365736021,1.24474922759523
"2020-09-02",43.2700495410204,31.2168988998363,8.30530872608245,2.67368866947475,1.07415311065118
"2020-09-03",43.4397957230738,31.6246769353801,7.94544053757303,2.66768736480976,1.20199094805968
"2020-09-04",51.2682325032952,38.3630278064058,8.78425738817668,2.92137056972157,1.19957699144487
"2020-09-05",50.2775218309106,38.3805858080938,7.52981016117452,3.02679211508908,1.34033374655324
"2020-09-06",41.3814537881059,32.4371583642239,5.72866113454775,2.24927497325702,0.966359316077261
"2020-09-07",42.3415461052217,31.0766166470399,7.56586694211241,2.5256360015882,1.17342651448117
"2020-09-08",41.1323859460136,29.6364367020643,7.76081376681063,2.6064047549983,1.12873072214035
"2020-09-09",46.6831149231891,33.6878174465954,8.88317641839224,2.67385458847416,1.4382664697273
"2020-09-10",46.1549855364212,34.113413132519,8.15001564767009,2.63790464055489,1.25365196080458
"2020-09-11",50.1188402008845,36.6282614507283,9.53063284719156,2.70334577049319,1.25660036722247
"2020-09-12",48.622319241272,37.4051121079151,7.07886492074711,2.89467674963728,1.24366469182005
"2020-09-13",51.7278797307241,40.043993622109,7.84303779482599,2.54028232828132,1.30056683492716
"2020-09-14",43.9211108662692,31.9904106754718,8.17133837231728,2.59721278013002,1.16214910042155
"2020-09-15",42.9635412933088,31.0322725843817,7.83228398339094,2.67723890071203,1.42174557314024
"2020-09-16",41.3361153852896,30.1153199350091,7.41772433062423,2.54201206414236,1.26105886175963
"2020-09-17",44.8349484761071,31.9572067603986,9.00264789830807,2.66669556221804,1.20839793611429
"2020-09-18",49.333795434738,35.2747631966661,9.98147942312637,2.88428866372372,1.19326413121808
"2020-09-19",48.8447105176039,37.6278701112872,7.4529280004595,2.71883891125302,1.04507319482041
"2020-09-20",43.1712739827303,33.8786445063342,5.81313322388834,2.41231210383632,1.06718420062002
"2020-09-21",43.5645557596273,31.4309042784873,8.40659433784674,2.72513811651557,1.00191834374468
"2020-09-22",41.8128734275302,30.6778873196936,7.78834345237205,2.46787867826047,0.878763865954179
"2020-09-23",42.3541080501663,29.8537766669502,8.86271264136543,2.43665367027617,1.20096510348893
"2020-09-24",42.5936128804717,31.6270042666118,7.48905977583523,2.44140160458303,1.03614723344163
"2020-09-25",44.47928436445,31.9467109833134,9.14637276702798,2.28404669567629,1.10215391843231
"2020-09-26",41.8866042801155,32.7234555414712,6.00180366025447,2.27446357004743,0.886881508342372
"2020-09-27",39.538808549895,30.0289132810275,6.66295742433885,2.02073343140921,0.826204413119463
"2020-09-28",40.6446743889508,29.5882640458664,7.61699978800093,2.56164400681298,0.877766548270471
"2020-09-29",41.4127252920065,30.0733045377099,8.0004668143759,2.50036198115865,0.838591786736391
"2020-09-30",44.1527506617441,31.8378976555846,8.41996491739649,2.66011887291519,1.23476921584782
"2020-10-01",45.820484703154,32.9566645203438,8.89990630630763,2.81921995598597,1.1446939205166
"2020-10-02",47.7787085638352,34.7083939992884,9.19050992474097,2.81392625034101,1.06587839512458
"2020-10-03",42.1458653428037,32.5548564689846,5.82734261314814,2.68976970401523,1.07389647039518
"2020-10-04",41.5662181183158,32.0020683164222,6.14539258069348,2.4466443728582,0.972112782511675
"2020-10-05",39.4315450342543,27.2774535126053,8.65399035564676,2.46567868157317,1.03442194366916
"2020-10-06",39.737562375288,27.7146377682894,8.63590923337013,2.49315407808152,0.893861203353147
"2020-10-07",43.268895665783,30.9551378279657,9.16322266384032,2.37827142433068,0.772264287085581
"2020-10-08",44.6634971646938,32.008101904188,8.9704514901125,2.57421741160831,1.11072577932557
"2020-10-09",49.5859900914981,35.564008962518,10.1076998710707,2.68070181185737,1.23357952800975
"2020-10-10",41.1377782331361,31.6275943947686,6.18653883630331,2.28790477074709,1.03574016737009
"2020-10-11",38.9219111619188,29.071410568053,6.79965391871421,2.22951050293385,0.821335944166137
"2020-10-12",39.6603615322007,29.100434778656,7.2986753204832,2.35809796185258,0.903154165839379
"2020-10-13",41.2382393314894,28.6588593064345,8.96094962844649,2.50406593799864,1.11436428899741
"2020-10-14",41.7241754022597,30.5988321197318,7.52143745650981,2.45201939759483,1.15188659911753
"2020-10-15",43.046906265924,31.6647226036472,8.10776051705268,2.31712906257417,0.957293878670099
"2020-10-16",44.8980860633404,32.3617586089467,9.34776651976448,2.30603713571028,0.88252444071846
"2020-10-17",40.5102315474558,31.445069974081,5.7583441583411,2.4263412054484,0.880476430735979
"2020-10-18",36.7358959310228,27.946690963217,5.45568639420849,2.49609398832573,0.837424678405397
"2020-10-19",37.058768457993,26.6702951883073,7.07841375374593,2.41440001699909,0.895659498940685
"2020-10-20",37.9536606907551,27.9686138305055,6.51903232921201,2.38673510589788,1.07927942513972
"2020-10-21",36.6503062586714,26.8141416494473,6.54611257770236,2.37926403390572,0.910787997616018
"2020-10-22",38.2386996467844,27.8833797411715,7.0933894437377,2.34952442458744,0.912406037287732
"2020-10-23",39.2405446388208,29.2119106369158,7.25547183914557,2.04529300016504,0.727869162594347
"2020-10-24",34.0531144627234,25.9683748884507,4.57114912192368,2.58744753502245,0.926142917326618
"2020-10-25",35.8006508366964,26.4138595191906,5.16149983019393,2.94241917153089,1.282872315781
"2020-10-26",31.8631117099643,23.267064103735,6.063048986363,1.77451779110231,0.75848082876403
"2020-10-27",32.8380737228598,23.5226791327284,6.31960631888237,2.1068963502307,0.888891921018361
"2020-10-28",33.705803073005,24.5970169317555,6.22879803605243,2.12493431533975,0.755053789857345
"2020-10-29",34.1858873317473,25.3117529033561,6.02513202024038,1.99374442932636,0.855257978824493
"2020-10-30",37.2006957564517,27.7073870624826,6.03576894833005,2.43970331457295,1.01783643106613
"2020-10-31",34.6835080282959,26.9046976539746,4.19245243368422,2.69351003939727,0.892847901239836
"2020-11-01",28.0084846563653,21.0604206347674,4.18647407213478,1.98996677249011,0.771623176973034
"2020-11-02",31.6161447282748,23.5320475091641,4.9690898634136,2.20690422805194,0.90810312764517
"2020-11-03",29.4429174804856,21.8338316289148,4.81487780671522,1.89285326568313,0.901354779172455
"2020-11-04",28.6424043022604,21.0906386140089,5.02387021021192,1.83432340240995,0.693572075629592
"2020-11-05",32.7318425199166,24.3951248734754,5.45492035765889,2.10716264174141,0.774634647040847
"2020-11-06",34.3294069616021,25.5286608128553,5.53149196750871,2.31865582996293,0.9505983512752
"2020-11-07",34.1127460787471,25.3806486865533,5.12418207559835,2.69785234040249,0.910062976192956
"2020-11-08",27.3131101302269,20.07234789103,3.86182392236797,2.50910255448518,0.869835762343719
"2020-11-09",31.1701741196841,23.0838708418187,4.98987400282061,2.26498706203589,0.831442213008902
"2020-11-10",31.3986778886452,23.3186003450515,5.10940993583789,2.19666120377361,0.774006403982241
"2020-11-11",32.8989559558787,24.1808073665409,5.61693380561515,2.18515400620422,0.916060777518397
"2020-11-12",31.9814598759199,23.5206680814003,5.27108604040765,2.25531907427723,0.934386679834724
"2020-11-13",35.7192646974756,25.9329281857105,6.37043172515585,2.35723935137805,1.05866543523123
"2020-11-14",35.0602127116922,25.8101008099486,5.36702847305454,2.83642412302634,1.04665930566275
"2020-11-15",29.5917094179849,21.8953002238436,4.31808922656383,2.62065837142405,0.757661596153451
"2020-11-16",30.3303008928435,22.3783061311443,5.25629623431551,1.96700041559426,0.728698111789449
"2020-11-17",30.7213439074757,22.4320621461257,5.16218335535215,2.21057644706109,0.916521958936791
"2020-11-18",34.0758656845494,24.3776269477407,6.35345173053904,2.45751676464648,0.887270241623224
"2020-11-19",33.9862053590345,24.6039987244295,6.46671447661767,2.04554124463596,0.86995091335139
"2020-11-20",37.3711918692758,27.0203196331545,7.34006659626973,2.09711076955028,0.913694870301245
"2020-11-21",35.0391248637805,26.2355505691676,5.31299232090128,2.54704273151116,0.943539242200469
"2020-11-22",29.00076621107,22.0204993882318,3.91282247222822,2.3279056546739,0.739538695936054
"2020-11-23",31.5929274071817,23.4161619959204,5.23693674423503,2.05435549179771,0.885473175228593
"2020-11-24",33.2248012162861,24.8670455251448,5.29277232031613,2.11975207899122,0.945231291833922
"2020-11-25",34.1134128469093,25.2683616288259,5.6535341561017,2.2456919448509,0.945825117130857
"2020-11-26",37.7163693099381,27.6094431188308,6.96523054821089,2.16943652509541,0.972259117800982
"2020-11-27",38.5304435512668,28.2168514488031,7.06325105302386,2.3708635231452,0.879477526294664
"2020-11-28",34.6577408059125,26.2752355377495,5.19414462587716,2.38639472885269,0.801965913433104
"2020-11-29",27.6610506081563,20.8862187409753,4.06088553501914,1.94179847001724,0.772147862144597
"2020-11-30",33.9313122996811,25.1461296837598,5.56801591226276,2.1497729631116,1.06739374054698
"2020-12-01",31.3572518405238,22.4937404473178,6.07860759694287,2.03630237930086,0.74860141696225
"2020-12-02",34.0396825857568,24.4220869762822,6.64422033654455,2.09568868568527,0.877686587244813
"2020-12-03",35.5465225566574,25.8879170279811,6.55686485961929,2.3001009008081,0.801639768248935
"2020-12-04",36.1764693551956,25.8633404422882,7.26372016603666,2.15482962399173,0.89457912287901
"2020-12-05",29.908718532042,22.5274531659264,4.42924258377834,2.05420061752008,0.897822164817154
"2020-12-06",24.1967505036747,17.3715427047831,4.17623457771992,1.89120013431655,0.757773086855158
"2020-12-07",31.6094270702451,22.8045452104759,5.71851207842352,2.12390457972929,0.962465201616426
"2020-12-08",32.1316709281724,23.2518593574867,5.9064561681682,2.10283350582453,0.870521896692937
"2020-12-09",31.5354666520835,22.87282319699,5.84021738120707,2.01593035049051,0.806495723395921
"2020-12-10",33.9348429360969,24.7678315086096,5.90449589038507,2.12925525457986,1.1332602825224
"2020-12-11",36.2089373695965,26.4833389418271,6.52586637194271,2.23946886057917,0.960263195247492
"2020-12-12",29.8492170059129,22.4632602985763,4.58115567145846,1.9758144951758,0.82898654070234
"2020-12-13",26.9287210788903,20.2936533873621,3.6397798675949,2.1522944890601,0.842993334873248
"2020-12-14",33.4284153075367,24.3574844531907,5.85845890827359,2.17423780209954,1.0382341439729
"2020-12-15",32.2807413690029,24.2692899980467,5.05918357587555,2.04860368419299,0.903664110887688
"2020-12-16",34.5432480216866,26.8113799381117,4.60437853277295,2.23251975553386,0.894969795268176
"2020-12-17",35.9886828517831,28.0625899073209,4.72138881516351,2.25603327452776,0.948670854770923
"2020-12-18",40.1896060225477,31.0911513629293,5.49325937056867,2.59070152470397,1.01449376434577
"2020-12-19",35.2245462352158,28.0404821695086,3.79877456241031,2.39460458693122,0.99068491636565
"2020-12-20",24.9835717159467,19.3469718586026,2.88712370178422,1.95484507986814,0.794631075691732
"2020-12-21",33.6504526259638,26.1140856888632,4.54885280856698,2.07033739256754,0.917176735966033
"2020-12-22",33.6540358049187,26.0969170074811,4.41845146399199,2.25365071075487,0.885016622690737
"2020-12-23",35.1658005258384,26.9257546120259,4.99394599788937,2.27869358755126,0.967406328371863
"2020-12-24",30.8386835996242,24.8827219991833,3.20007622067641,1.96524724416269,0.790638135601762
"2020-12-25",29.2127677938598,23.6850445683597,3.35871238391041,1.62216355819021,0.546847283399424
"2020-12-26",35.1067303610676,28.0294068038466,3.61595108654668,2.39168350222501,1.06968896844933
"2020-12-27",27.8915545855899,21.9085766934451,3.20784143285197,1.89405968807978,0.881076771213023
"2020-12-28",28.8491196471546,22.228837884827,3.70874209361724,2.0336343976212,0.877905271089215
"2020-12-29",32.0621491740211,25.8203237847467,3.17342443581463,2.19795663512039,0.870444318339359
"2020-12-30",34.3577010728511,27.4399920007411,3.57642664695255,2.16980597104559,1.17147645411189
"2020-12-31",29.1766368137337,22.8209276678176,3.17513388041104,2.08396733991417,1.0966079255909
"2021-01-01",22.3592006183096,16.6355140546708,2.82443582245327,1.99091768221822,0.908333058967275
"2021-01-02",31.5938851719967,25.0110958772385,3.5329029118842,2.17719671130412,0.872689671569836
"2021-01-03",25.2754147633082,19.9107567895021,2.8340513734849,1.90610021047747,0.624506389843699
"2021-01-04",29.4511656429856,22.6858950979382,3.80128464271774,1.97304956295303,0.990936339376622
"2021-01-05",28.7746037413437,22.3977402158259,3.44728666245855,2.02378669502532,0.90579016803396
"2021-01-06",28.4012796710909,21.4718307120215,4.1547119817318,1.99724787707974,0.777489100257816
"2021-01-07",33.9867160871173,25.9143181832941,4.57531814905699,2.36334782159299,1.13373193317319
"2021-01-08",35.0146136053919,26.9575811583649,4.68035870161795,2.26753471179233,1.10913903361674
"2021-01-09",33.1816020294306,26.4645551158586,3.29186681930538,2.39858731691537,1.02659277735129
"2021-01-10",28.3836533369469,22.0458101860357,2.9416647765797,2.35031228675268,1.04586608757884
"2021-01-11",31.8511966430875,24.3966876252951,4.39429750386227,2.15170037716324,0.908511136766861
"2021-01-12",27.575926222012,21.0286713348897,3.99771448348343,1.97525725162282,0.574283152016097
"2021-01-13",31.0670751518253,23.8282553340414,4.4641041621112,2.02455160604586,0.750164049626865
"2021-01-14",29.6396127020795,22.063061850823,4.65415490811209,2.14856212818905,0.77383381495535
"2021-01-15",31.0341149705863,23.223330181117,4.91923964983209,2.26356012092084,0.627985018716322
"2021-01-16",31.9264201461005,25.011097828325,3.08341087236518,2.53445503472277,1.29745641068751
"2021-01-17",22.4973347386474,16.6801712160283,3.23141019757767,1.96268667093058,0.623066654110802
"2021-01-18",27.9577467337459,20.7752150393766,4.39746607354679,2.09223106234291,0.692834558479602
"2021-01-19",28.9295942848492,21.7382960890929,3.89884752974922,2.27585684130938,1.0165938246977
"2021-01-20",31.5770647012021,24.2928837943018,4.10159094399928,2.21933262128252,0.963257341618481
"2021-01-21",29.0537996680766,22.3686942600316,3.88652549423778,2.09208437438231,0.706495539424869
"2021-01-22",32.8843833182716,25.0124373136638,4.88495019263263,2.23101344926046,0.755982362714683
"2021-01-23",28.973605980016,22.2390936389862,3.18488568817827,2.37253393715726,1.17709271569424
"2021-01-24",28.5806800227251,21.8620215682325,2.62096665580373,2.92336053544212,1.17433126324675
"2021-01-25",27.6754945294129,20.8777221093776,4.02865784443404,2.06708370192204,0.702030873679227
"2021-01-26",30.1763156448771,22.823313692963,4.27349053131678,2.22893378616278,0.85057763443456
"2021-01-27",29.3856009843027,22.5543285480013,4.27665637682743,1.92938128735464,0.625234772119286
"2021-01-28",30.0746250364312,23.6905934297255,3.93231342194793,1.84148620370256,0.610231981055182
"2021-01-29",32.8985855400404,26.1428399429626,4.17557282443865,1.97995075201951,0.600222020619659
"2021-01-30",27.754229635122,21.9930312958835,2.97805022181265,1.95380048686679,0.829347630559044
"2021-01-31",27.3896382421495,20.7613599783165,3.24567070744473,2.27736608974104,1.10524146664726
"2021-02-01",29.3953177121277,22.5957829241192,4.05890891365152,1.95082104757529,0.789804826781679
"2021-02-02",30.2730449755483,23.4092998234879,3.93206892558107,2.04569363928684,0.885982587192513
"2021-02-03",29.8991146415231,23.3412358013319,3.77177753344645,1.96386002307903,0.822241283665722
"2021-02-04",32.3688179992375,24.3208698337237,4.57001115684865,2.34735065869759,1.13058634996755
"2021-02-05",37.1603484310979,27.6618260133448,5.68193915585765,2.5080673229615,1.30851593893399
"2021-02-06",33.9841523643973,26.3966043212088,3.8467549141834,2.51360671030991,1.22718641869522
"2021-02-07",24.0387320448943,18.7296581841692,2.86041406805543,1.73398854331837,0.714671249351322
"2021-02-08",29.5682861455436,22.1333271787812,3.95703288661329,2.33688674029674,1.14103933985235
"2021-02-09",30.0403480037165,22.8990147452325,3.91365681947874,2.13126087956363,1.09641555944161
"2021-02-10",29.8790834059537,22.5887930212762,4.22172525584008,2.14147036394936,0.927094764888078
"2021-02-11",31.939976275819,24.1074286775919,4.56348242863748,2.2535337835964,1.0155313859932
"2021-02-12",35.4117859308755,27.1315842067773,4.90140977707224,2.22429296879599,1.15449897822995
"2021-02-13",34.8464764562601,26.5396929503467,4.4050403882098,2.40814500385034,1.49359811385325
"2021-02-14",32.2502902041295,24.3433495728972,3.67799241160134,2.73349689421745,1.49545132541353
"2021-02-15",32.1880179035639,24.3587588540017,4.4104266172635,2.12592759043588,1.29290484186278
"2021-02-16",31.0495017899598,23.76563343619,3.92843695580277,2.37816764609656,0.977263751870509
"2021-02-17",33.4523251209918,25.7554776655875,4.14090050504379,2.45586638002639,1.10008057033414
"2021-02-18",33.3674521498651,25.8421530908449,3.98355379737743,2.38108769145182,1.16065757019099
"2021-02-19",38.3189487368758,29.526915205061,4.84170769029941,2.59952989195744,1.3507959495579
"2021-02-20",39.6501518437664,30.9034819716975,4.03217711520516,3.03248815282779,1.68200460403591
"2021-02-21",38.8826617918663,29.5510610048747,4.49272537989852,3.15129872416557,1.68757668292751
"2021-02-22",30.984047141828,23.3609371116882,4.10344275019212,2.35444591268071,1.16522136726691
"2021-02-23",32.5346341357926,25.0269652614195,3.87374580155247,2.44074102121504,1.19318205160559
"2021-02-24",33.4297860690728,25.6308359433247,4.09351614079844,2.50260286100911,1.20283112394058
"2021-02-25",34.8911375899727,26.6044372851311,4.33799022018586,2.73103590698402,1.21767417767173
"2021-02-26",38.8260341512943,29.9505479130978,5.15902776718385,2.48039589576513,1.23606257524757
"2021-02-27",35.8864130161673,28.4146330663385,3.67296642338757,2.4102444618335,1.38856906460774
"2021-02-28",33.7638566693386,26.046784262495,3.6546014381028,2.79318847886612,1.26928248987467
"2021-03-01",33.1824774234115,25.3699569675169,4.31799135983133,2.41867026330673,1.07585883275655
"2021-03-02",32.7366453677675,24.9758084116819,4.1784847935234,2.49728257251418,1.08506959004798
"2021-03-03",33.3032331414618,25.9538017454091,3.97102760439329,2.40307411567177,0.975329675987601
"2021-03-04",33.7709281029632,25.7640583688794,4.57513876379645,2.35995253405897,1.07177843622834
"2021-03-05",37.4554950511511,28.7907107577576,5.36316692969278,2.3907149768891,0.910902386811646
"2021-03-06",38.0977533944812,29.7042918190048,4.25415638057919,2.80560655991487,1.33369863498239
"2021-03-07",30.1876950181722,22.9160043180483,3.91905940544809,2.36412302308223,0.988508271593534
"2021-03-08",30.6719278473954,23.4944104061304,4.01039814405363,2.40599581041527,0.761123486796112
"2021-03-09",31.5410174548086,24.3370616480784,4.0094344316598,2.33634864530586,0.858172729764539
"2021-03-10",34.4618354968785,25.9397706874509,4.77500758272542,2.57230341886282,1.1747538078394
"2021-03-11",32.8669569425688,25.7013066512958,4.27505131311173,2.17175930990292,0.718839668258401
"2021-03-12",37.1096231508128,28.0501666267009,5.55186980158917,2.60485112743261,0.902735595090169
"2021-03-13",35.7147325956912,28.1183546795046,4.03478651561609,2.45419599681553,1.10739540375499
"2021-03-14",27.4011026066491,21.5749982794409,3.52061445775288,1.84025352559476,0.465236343860598
