,Cumulative_Sum,Canton
2020-02-24,0,TI
2020-02-25,0,TI
2020-02-26,0,TI
2020-02-27,1,TI
2020-02-28,1,TI
2020-02-29,1,TI
2020-03-01,1,TI
2020-03-02,3,TI
2020-03-03,5,TI
2020-03-04,7,TI
2020-03-05,11,TI
2020-03-06,14,TI
2020-03-07,17,TI
2020-03-08,20,TI
2020-03-09,34,TI
2020-03-10,47,TI
2020-03-11,61,TI
2020-03-12,75,TI
2020-03-13,92,TI
2020-03-14,108,TI
2020-03-15,120,TI
2020-03-16,160,TI
2020-03-17,199,TI
2020-03-18,243,TI
2020-03-19,262,TI
2020-03-20,309,TI
2020-03-21,331,TI
2020-03-22,343,TI
2020-03-23,395,TI
2020-03-24,443,TI
2020-03-25,482,TI
2020-03-26,517,TI
2020-03-27,567,TI
2020-03-28,581,TI
2020-03-29,588,TI
2020-03-30,625,TI
2020-03-31,653,TI
2020-04-01,676,TI
2020-04-02,693,TI
2020-04-03,713,TI
2020-04-04,722,TI
2020-04-05,728,TI
2020-04-06,755,TI
2020-04-07,771,TI
2020-04-08,783,TI
2020-04-09,798,TI
2020-04-10,809,TI
2020-04-11,815,TI
2020-04-12,818,TI
2020-04-13,821,TI
2020-04-14,831,TI
2020-04-15,838,TI
2020-04-16,845,TI
2020-04-17,854,TI
2020-04-18,858,TI
2020-04-19,860,TI
2020-04-20,867,TI
2020-04-21,872,TI
2020-04-22,875,TI
2020-04-23,881,TI
2020-04-24,887,TI
2020-04-25,888,TI
2020-04-26,889,TI
2020-04-27,894,TI
2020-04-28,898,TI
2020-04-29,901,TI
2020-04-30,903,TI
2020-05-01,904,TI
2020-05-02,905,TI
2020-05-03,905,TI
2020-05-04,908,TI
2020-05-05,909,TI
2020-05-06,911,TI
2020-05-07,912,TI
2020-05-08,913,TI
2020-05-09,913,TI
2020-05-10,913,TI
2020-05-11,915,TI
2020-05-12,916,TI
2020-05-13,917,TI
2020-05-14,918,TI
2020-05-15,918,TI
2020-05-16,919,TI
2020-05-17,919,TI
2020-05-18,920,TI
2020-05-19,923,TI
2020-05-20,924,TI
2020-05-21,924,TI
2020-05-22,924,TI
2020-05-23,925,TI
2020-05-24,925,TI
2020-05-25,926,TI
2020-05-26,926,TI
2020-05-27,927,TI
2020-05-28,927,TI
2020-05-29,928,TI
2020-05-30,928,TI
2020-05-31,928,TI
2020-06-01,928,TI
2020-06-02,928,TI
2020-06-03,928,TI
2020-06-04,928,TI
2020-06-05,928,TI
2020-06-06,928,TI
2020-06-07,928,TI
2020-06-08,928,TI
2020-06-09,929,TI
2020-06-10,929,TI
2020-06-11,929,TI
2020-06-12,929,TI
2020-06-13,930,TI
2020-06-14,930,TI
2020-06-15,930,TI
2020-02-24,0,AG
2020-02-25,0,AG
2020-02-26,0,AG
2020-02-27,0,AG
2020-02-28,0,AG
2020-02-29,0,AG
2020-03-01,0,AG
2020-03-02,0,AG
2020-03-03,1,AG
2020-03-04,1,AG
2020-03-05,1,AG
2020-03-06,2,AG
2020-03-07,2,AG
2020-03-08,2,AG
2020-03-09,2,AG
2020-03-10,3,AG
2020-03-11,4,AG
2020-03-12,5,AG
2020-03-13,6,AG
2020-03-14,7,AG
2020-03-15,8,AG
2020-03-16,13,AG
2020-03-17,18,AG
2020-03-18,24,AG
2020-03-19,28,AG
2020-03-20,34,AG
2020-03-21,35,AG
2020-03-22,37,AG
2020-03-23,43,AG
2020-03-24,51,AG
2020-03-25,58,AG
2020-03-26,63,AG
2020-03-27,71,AG
2020-03-28,74,AG
2020-03-29,77,AG
2020-03-30,85,AG
2020-03-31,92,AG
2020-04-01,97,AG
2020-04-02,102,AG
2020-04-03,108,AG
2020-04-04,111,AG
2020-04-05,113,AG
2020-04-06,119,AG
2020-04-07,124,AG
2020-04-08,128,AG
2020-04-09,131,AG
2020-04-10,133,AG
2020-04-11,134,AG
2020-04-12,135,AG
2020-04-13,137,AG
2020-04-14,140,AG
2020-04-15,142,AG
2020-04-16,145,AG
2020-04-17,149,AG
2020-04-18,149,AG
2020-04-19,149,AG
2020-04-20,151,AG
2020-04-21,153,AG
2020-04-22,156,AG
2020-04-23,157,AG
2020-04-24,159,AG
2020-04-25,160,AG
2020-04-26,160,AG
2020-04-27,162,AG
2020-04-28,162,AG
2020-04-29,164,AG
2020-04-30,165,AG
2020-05-01,165,AG
2020-05-02,166,AG
2020-05-03,166,AG
2020-05-04,167,AG
2020-05-05,168,AG
2020-05-06,168,AG
2020-05-07,169,AG
2020-05-08,169,AG
2020-05-09,170,AG
2020-05-10,170,AG
2020-05-11,171,AG
2020-05-12,171,AG
2020-05-13,172,AG
2020-05-14,172,AG
2020-05-15,173,AG
2020-05-16,174,AG
2020-05-17,174,AG
2020-05-18,174,AG
2020-05-19,175,AG
2020-05-20,175,AG
2020-05-21,175,AG
2020-05-22,175,AG
2020-05-23,175,AG
2020-05-24,175,AG
2020-05-25,175,AG
2020-05-26,176,AG
2020-05-27,176,AG
2020-05-28,177,AG
2020-05-29,177,AG
2020-05-30,177,AG
2020-05-31,177,AG
2020-06-01,177,AG
2020-06-02,178,AG
2020-06-03,178,AG
2020-06-04,178,AG
2020-02-24,0,AI
2020-02-25,0,AI
2020-02-26,0,AI
2020-02-27,0,AI
2020-02-28,0,AI
2020-02-29,0,AI
2020-03-01,0,AI
2020-03-02,0,AI
2020-03-03,0,AI
2020-03-04,0,AI
2020-03-05,0,AI
2020-03-06,0,AI
2020-03-07,0,AI
2020-03-08,0,AI
2020-03-09,0,AI
2020-03-10,0,AI
2020-03-11,0,AI
2020-03-12,0,AI
2020-03-13,12,AI
2020-03-14,12,AI
2020-03-15,12,AI
2020-03-16,18,AI
2020-03-17,18,AI
2020-03-18,18,AI
2020-03-19,24,AI
2020-03-20,31,AI
2020-03-21,31,AI
2020-03-22,31,AI
2020-03-23,31,AI
2020-03-24,43,AI
2020-03-25,43,AI
2020-03-26,43,AI
2020-03-27,55,AI
2020-03-28,61,AI
2020-03-29,61,AI
2020-03-30,61,AI
2020-03-31,80,AI
2020-04-01,99,AI
2020-04-02,99,AI
2020-04-03,105,AI
2020-04-04,105,AI
2020-04-05,105,AI
2020-04-06,105,AI
2020-04-07,111,AI
2020-04-08,117,AI
2020-04-09,117,AI
2020-04-10,117,AI
2020-04-11,117,AI
2020-04-12,117,AI
2020-04-13,117,AI
2020-04-14,117,AI
2020-04-15,117,AI
2020-04-16,117,AI
2020-04-17,117,AI
2020-04-18,117,AI
2020-04-19,117,AI
2020-04-20,117,AI
2020-04-21,117,AI
2020-04-22,123,AI
2020-04-23,123,AI
2020-04-24,123,AI
2020-04-25,123,AI
2020-04-26,123,AI
2020-04-27,123,AI
2020-04-28,123,AI
2020-04-29,123,AI
2020-04-30,123,AI
2020-05-01,123,AI
2020-05-02,123,AI
2020-05-03,123,AI
2020-05-04,123,AI
2020-05-05,123,AI
2020-05-06,123,AI
2020-05-07,123,AI
2020-05-08,123,AI
2020-05-09,123,AI
2020-05-10,123,AI
2020-05-11,123,AI
2020-05-12,123,AI
2020-05-13,123,AI
2020-05-14,123,AI
2020-05-15,123,AI
2020-05-16,123,AI
2020-05-17,123,AI
2020-05-18,123,AI
2020-05-19,123,AI
2020-05-20,123,AI
2020-05-21,123,AI
2020-05-22,123,AI
2020-05-23,123,AI
2020-05-24,123,AI
2020-05-25,123,AI
2020-05-26,123,AI
2020-05-27,123,AI
2020-05-28,123,AI
2020-05-29,123,AI
2020-05-30,123,AI
2020-05-31,123,AI
2020-06-01,123,AI
2020-06-02,123,AI
2020-06-03,123,AI
2020-06-04,123,AI
2020-02-24,0,AR
2020-02-25,0,AR
2020-02-26,0,AR
2020-02-27,0,AR
2020-02-28,0,AR
2020-02-29,0,AR
2020-03-01,0,AR
2020-03-02,0,AR
2020-03-03,0,AR
2020-03-04,1,AR
2020-03-05,1,AR
2020-03-06,1,AR
2020-03-07,1,AR
2020-03-08,3,AR
2020-03-09,5,AR
2020-03-10,5,AR
2020-03-11,9,AR
2020-03-12,9,AR
2020-03-13,10,AR
2020-03-14,16,AR
2020-03-15,18,AR
2020-03-16,27,AR
2020-03-17,30,AR
2020-03-18,38,AR
2020-03-19,50,AR
2020-03-20,54,AR
2020-03-21,56,AR
2020-03-22,56,AR
2020-03-23,61,AR
2020-03-24,67,AR
2020-03-25,72,AR
2020-03-26,77,AR
2020-03-27,81,AR
2020-03-28,88,AR
2020-03-29,92,AR
2020-03-30,99,AR
2020-03-31,108,AR
2020-04-01,112,AR
2020-04-02,115,AR
2020-04-03,117,AR
2020-04-04,119,AR
2020-04-05,121,AR
2020-04-06,124,AR
2020-04-07,130,AR
2020-04-08,134,AR
2020-04-09,135,AR
2020-04-10,135,AR
2020-04-11,135,AR
2020-04-12,135,AR
2020-04-13,135,AR
2020-04-14,135,AR
2020-04-15,137,AR
2020-04-16,137,AR
2020-04-17,141,AR
2020-04-18,143,AR
2020-04-19,143,AR
2020-04-20,146,AR
2020-04-21,150,AR
2020-04-22,152,AR
2020-04-23,153,AR
2020-04-24,157,AR
2020-04-25,157,AR
2020-04-26,157,AR
2020-04-27,157,AR
2020-04-28,157,AR
2020-04-29,159,AR
2020-04-30,161,AR
2020-05-01,161,AR
2020-05-02,161,AR
2020-05-03,161,AR
2020-05-04,161,AR
2020-05-05,161,AR
2020-05-06,161,AR
2020-05-07,161,AR
2020-05-08,162,AR
2020-05-09,162,AR
2020-05-10,162,AR
2020-05-11,162,AR
2020-05-12,162,AR
2020-05-13,164,AR
2020-05-14,164,AR
2020-05-15,164,AR
2020-05-16,164,AR
2020-05-17,164,AR
2020-05-18,164,AR
2020-05-19,164,AR
2020-05-20,164,AR
2020-05-21,164,AR
2020-05-22,164,AR
2020-05-23,164,AR
2020-05-24,164,AR
2020-05-25,164,AR
2020-05-26,164,AR
2020-05-27,164,AR
2020-05-28,164,AR
2020-05-29,164,AR
2020-05-30,164,AR
2020-05-31,164,AR
2020-06-01,164,AR
2020-06-02,164,AR
2020-06-03,164,AR
2020-06-04,164,AR
2020-02-24,0,BE
2020-02-25,0,BE
2020-02-26,0,BE
2020-02-27,0,BE
2020-02-28,0,BE
2020-02-29,0,BE
2020-03-01,0,BE
2020-03-02,0,BE
2020-03-03,0,BE
2020-03-04,1,BE
2020-03-05,2,BE
2020-03-06,3,BE
2020-03-07,3,BE
2020-03-08,3,BE
2020-03-09,3,BE
2020-03-10,4,BE
2020-03-11,5,BE
2020-03-12,8,BE
2020-03-13,9,BE
2020-03-14,11,BE
2020-03-15,13,BE
2020-03-16,19,BE
2020-03-17,24,BE
2020-03-18,30,BE
2020-03-19,35,BE
2020-03-20,41,BE
2020-03-21,45,BE
2020-03-22,49,BE
2020-03-23,55,BE
2020-03-24,61,BE
2020-03-25,66,BE
2020-03-26,72,BE
2020-03-27,79,BE
2020-03-28,82,BE
2020-03-29,84,BE
2020-03-30,91,BE
2020-03-31,98,BE
2020-04-01,103,BE
2020-04-02,107,BE
2020-04-03,114,BE
2020-04-04,117,BE
2020-04-05,119,BE
2020-04-06,126,BE
2020-04-07,131,BE
2020-04-08,136,BE
2020-04-09,138,BE
2020-04-10,140,BE
2020-04-11,142,BE
2020-04-12,143,BE
2020-04-13,145,BE
2020-04-14,148,BE
2020-04-15,151,BE
2020-04-16,153,BE
2020-04-17,155,BE
2020-04-18,155,BE
2020-04-19,156,BE
2020-04-20,159,BE
2020-04-21,161,BE
2020-04-22,162,BE
2020-04-23,164,BE
2020-04-24,165,BE
2020-04-25,165,BE
2020-04-26,166,BE
2020-04-27,167,BE
2020-04-28,168,BE
2020-04-29,169,BE
2020-04-30,170,BE
2020-05-01,171,BE
2020-05-02,172,BE
2020-05-03,172,BE
2020-05-04,172,BE
2020-05-05,173,BE
2020-05-06,173,BE
2020-05-07,174,BE
2020-05-08,174,BE
2020-05-09,175,BE
2020-05-10,175,BE
2020-05-11,175,BE
2020-05-12,176,BE
2020-05-13,176,BE
2020-05-14,177,BE
2020-05-15,177,BE
2020-05-16,177,BE
2020-05-17,177,BE
2020-05-18,177,BE
2020-05-19,178,BE
2020-05-20,178,BE
2020-05-21,178,BE
2020-05-22,178,BE
2020-05-23,178,BE
2020-05-24,179,BE
2020-05-25,179,BE
2020-05-26,179,BE
2020-05-27,179,BE
2020-05-28,179,BE
2020-05-29,179,BE
2020-05-30,179,BE
2020-05-31,179,BE
2020-06-01,179,BE
2020-06-02,180,BE
2020-06-03,180,BE
2020-06-04,180,BE
2020-02-24,0,BL
2020-02-25,0,BL
2020-02-26,0,BL
2020-02-27,0,BL
2020-02-28,1,BL
2020-02-29,1,BL
2020-03-01,1,BL
2020-03-02,1,BL
2020-03-03,1,BL
2020-03-04,2,BL
2020-03-05,3,BL
2020-03-06,5,BL
2020-03-07,6,BL
2020-03-08,6,BL
2020-03-09,7,BL
2020-03-10,8,BL
2020-03-11,13,BL
2020-03-12,18,BL
2020-03-13,26,BL
2020-03-14,28,BL
2020-03-15,33,BL
2020-03-16,44,BL
2020-03-17,53,BL
2020-03-18,66,BL
2020-03-19,78,BL
2020-03-20,95,BL
2020-03-21,103,BL
2020-03-22,111,BL
2020-03-23,124,BL
2020-03-24,141,BL
2020-03-25,158,BL
2020-03-26,170,BL
2020-03-27,184,BL
2020-03-28,192,BL
2020-03-29,195,BL
2020-03-30,208,BL
2020-03-31,219,BL
2020-04-01,225,BL
2020-04-02,231,BL
2020-04-03,238,BL
2020-04-04,244,BL
2020-04-05,247,BL
2020-04-06,253,BL
2020-04-07,261,BL
2020-04-08,266,BL
2020-04-09,269,BL
2020-04-10,270,BL
2020-04-11,273,BL
2020-04-12,275,BL
2020-04-13,278,BL
2020-04-14,284,BL
2020-04-15,288,BL
2020-04-16,291,BL
2020-04-17,292,BL
2020-04-18,292,BL
2020-04-19,293,BL
2020-04-20,295,BL
2020-04-21,296,BL
2020-04-22,296,BL
2020-04-23,297,BL
2020-04-24,298,BL
2020-04-25,298,BL
2020-04-26,298,BL
2020-04-27,299,BL
2020-04-28,300,BL
2020-04-29,301,BL
2020-04-30,302,BL
2020-05-01,303,BL
2020-05-02,303,BL
2020-05-03,303,BL
2020-05-04,303,BL
2020-05-05,303,BL
2020-05-06,304,BL
2020-05-07,304,BL
2020-05-08,304,BL
2020-05-09,304,BL
2020-05-10,304,BL
2020-05-11,304,BL
2020-05-12,304,BL
2020-05-13,304,BL
2020-05-14,304,BL
2020-05-15,305,BL
2020-05-16,305,BL
2020-05-17,305,BL
2020-05-18,305,BL
2020-05-19,305,BL
2020-05-20,305,BL
2020-05-21,305,BL
2020-05-22,305,BL
2020-05-23,305,BL
2020-05-24,305,BL
2020-05-25,305,BL
2020-05-26,305,BL
2020-05-27,306,BL
2020-05-28,306,BL
2020-05-29,306,BL
2020-05-30,306,BL
2020-05-31,306,BL
2020-06-01,307,BL
2020-06-02,307,BL
2020-06-03,307,BL
2020-06-04,307,BL
2020-02-24,0,BS
2020-02-25,0,BS
2020-02-26,0,BS
2020-02-27,0,BS
2020-02-28,1,BS
2020-02-29,1,BS
2020-03-01,2,BS
2020-03-02,2,BS
2020-03-03,3,BS
2020-03-04,6,BS
2020-03-05,11,BS
2020-03-06,13,BS
2020-03-07,16,BS
2020-03-08,20,BS
2020-03-09,26,BS
2020-03-10,35,BS
2020-03-11,56,BS
2020-03-12,68,BS
2020-03-13,80,BS
2020-03-14,89,BS
2020-03-15,99,BS
2020-03-16,115,BS
2020-03-17,134,BS
2020-03-18,162,BS
2020-03-19,181,BS
2020-03-20,210,BS
2020-03-21,228,BS
2020-03-22,250,BS
2020-03-23,287,BS
2020-03-24,308,BS
2020-03-25,330,BS
2020-03-26,348,BS
2020-03-27,370,BS
2020-03-28,385,BS
2020-03-29,392,BS
2020-03-30,415,BS
2020-03-31,431,BS
2020-04-01,450,BS
2020-04-02,460,BS
2020-04-03,474,BS
2020-04-04,481,BS
2020-04-05,487,BS
2020-04-06,498,BS
2020-04-07,508,BS
2020-04-08,517,BS
2020-04-09,521,BS
2020-04-10,524,BS
2020-04-11,527,BS
2020-04-12,530,BS
2020-04-13,536,BS
2020-04-14,539,BS
2020-04-15,543,BS
2020-04-16,549,BS
2020-04-17,551,BS
2020-04-18,553,BS
2020-04-19,553,BS
2020-04-20,553,BS
2020-04-21,556,BS
2020-04-22,557,BS
2020-04-23,558,BS
2020-04-24,559,BS
2020-04-25,560,BS
2020-04-26,560,BS
2020-04-27,563,BS
2020-04-28,565,BS
2020-04-29,566,BS
2020-04-30,567,BS
2020-05-01,568,BS
2020-05-02,570,BS
2020-05-03,570,BS
2020-05-04,570,BS
2020-05-05,572,BS
2020-05-06,572,BS
2020-05-07,573,BS
2020-05-08,573,BS
2020-05-09,573,BS
2020-05-10,574,BS
2020-05-11,574,BS
2020-05-12,574,BS
2020-05-13,575,BS
2020-05-14,576,BS
2020-05-15,576,BS
2020-05-16,576,BS
2020-05-17,577,BS
2020-05-18,577,BS
2020-05-19,577,BS
2020-05-20,577,BS
2020-05-21,577,BS
2020-05-22,577,BS
2020-05-23,577,BS
2020-05-24,577,BS
2020-05-25,577,BS
2020-05-26,577,BS
2020-05-27,578,BS
2020-05-28,578,BS
2020-05-29,578,BS
2020-05-30,578,BS
2020-05-31,578,BS
2020-06-01,578,BS
2020-06-02,579,BS
2020-06-03,579,BS
2020-06-04,579,BS
2020-02-24,0,FR
2020-02-25,0,FR
2020-02-26,0,FR
2020-02-27,0,FR
2020-02-28,0,FR
2020-02-29,0,FR
2020-03-01,0,FR
2020-03-02,0,FR
2020-03-03,1,FR
2020-03-04,2,FR
2020-03-05,2,FR
2020-03-06,2,FR
2020-03-07,2,FR
2020-03-08,4,FR
2020-03-09,5,FR
2020-03-10,8,FR
2020-03-11,10,FR
2020-03-12,12,FR
2020-03-13,13,FR
2020-03-14,16,FR
2020-03-15,18,FR
2020-03-16,25,FR
2020-03-17,34,FR
2020-03-18,42,FR
2020-03-19,48,FR
2020-03-20,59,FR
2020-03-21,64,FR
2020-03-22,72,FR
2020-03-23,85,FR
2020-03-24,96,FR
2020-03-25,108,FR
2020-03-26,120,FR
2020-03-27,134,FR
2020-03-28,143,FR
2020-03-29,147,FR
2020-03-30,158,FR
2020-03-31,175,FR
2020-04-01,186,FR
2020-04-02,197,FR
2020-04-03,210,FR
2020-04-04,223,FR
2020-04-05,228,FR
2020-04-06,241,FR
2020-04-07,249,FR
2020-04-08,257,FR
2020-04-09,266,FR
2020-04-10,271,FR
2020-04-11,276,FR
2020-04-12,281,FR
2020-04-13,284,FR
2020-04-14,290,FR
2020-04-15,296,FR
2020-04-16,305,FR
2020-04-17,311,FR
2020-04-18,314,FR
2020-04-19,315,FR
2020-04-20,319,FR
2020-04-21,321,FR
2020-04-22,323,FR
2020-04-23,325,FR
2020-04-24,327,FR
2020-04-25,329,FR
2020-04-26,330,FR
2020-04-27,335,FR
2020-04-28,337,FR
2020-04-29,340,FR
2020-04-30,343,FR
2020-05-01,346,FR
2020-05-02,348,FR
2020-05-03,348,FR
2020-05-04,349,FR
2020-05-05,351,FR
2020-05-06,352,FR
2020-05-07,353,FR
2020-05-08,355,FR
2020-05-09,357,FR
2020-05-10,358,FR
2020-05-11,359,FR
2020-05-12,359,FR
2020-05-13,360,FR
2020-05-14,360,FR
2020-05-15,360,FR
2020-05-16,360,FR
2020-05-17,360,FR
2020-05-18,361,FR
2020-05-19,362,FR
2020-05-20,362,FR
2020-05-21,363,FR
2020-05-22,363,FR
2020-05-23,363,FR
2020-05-24,364,FR
2020-05-25,364,FR
2020-05-26,364,FR
2020-05-27,364,FR
2020-05-28,364,FR
2020-05-29,364,FR
2020-05-30,364,FR
2020-05-31,364,FR
2020-06-01,364,FR
2020-06-02,365,FR
2020-06-03,365,FR
2020-06-04,365,FR
2020-02-24,0,GE
2020-02-25,0,GE
2020-02-26,0,GE
2020-02-27,0,GE
2020-02-28,1,GE
2020-02-29,1,GE
2020-03-01,2,GE
2020-03-02,2,GE
2020-03-03,2,GE
2020-03-04,2,GE
2020-03-05,3,GE
2020-03-06,6,GE
2020-03-07,8,GE
2020-03-08,9,GE
2020-03-09,15,GE
2020-03-10,19,GE
2020-03-11,25,GE
2020-03-12,35,GE
2020-03-13,50,GE
2020-03-14,63,GE
2020-03-15,69,GE
2020-03-16,94,GE
2020-03-17,127,GE
2020-03-18,156,GE
2020-03-19,168,GE
2020-03-20,180,GE
2020-03-21,210,GE
2020-03-22,227,GE
2020-03-23,262,GE
2020-03-24,290,GE
2020-03-25,318,GE
2020-03-26,359,GE
2020-03-27,395,GE
2020-03-28,439,GE
2020-03-29,460,GE
2020-03-30,509,GE
2020-03-31,565,GE
2020-04-01,620,GE
2020-04-02,670,GE
2020-04-03,709,GE
2020-04-04,733,GE
2020-04-05,748,GE
2020-04-06,786,GE
2020-04-07,820,GE
2020-04-08,846,GE
2020-04-09,869,GE
2020-04-10,879,GE
2020-04-11,889,GE
2020-04-12,896,GE
2020-04-13,907,GE
2020-04-14,923,GE
2020-04-15,937,GE
2020-04-16,949,GE
2020-04-17,962,GE
2020-04-18,968,GE
2020-04-19,972,GE
2020-04-20,979,GE
2020-04-21,985,GE
2020-04-22,990,GE
2020-04-23,998,GE
2020-04-24,1002,GE
2020-04-25,1004,GE
2020-04-26,1006,GE
2020-04-27,1010,GE
2020-04-28,1014,GE
2020-04-29,1017,GE
2020-04-30,1020,GE
2020-05-01,1023,GE
2020-05-02,1024,GE
2020-05-03,1025,GE
2020-05-04,1027,GE
2020-05-05,1030,GE
2020-05-06,1031,GE
2020-05-07,1031,GE
2020-05-08,1032,GE
2020-05-09,1032,GE
2020-05-10,1033,GE
2020-05-11,1034,GE
2020-05-12,1035,GE
2020-05-13,1035,GE
2020-05-14,1037,GE
2020-05-15,1038,GE
2020-05-16,1038,GE
2020-05-17,1038,GE
2020-05-18,1038,GE
2020-05-19,1039,GE
2020-05-20,1040,GE
2020-05-21,1041,GE
2020-05-22,1041,GE
2020-05-23,1042,GE
2020-05-24,1042,GE
2020-05-25,1042,GE
2020-05-26,1043,GE
2020-05-27,1043,GE
2020-05-28,1044,GE
2020-05-29,1045,GE
2020-05-30,1046,GE
2020-05-31,1046,GE
2020-06-01,1046,GE
2020-06-02,1047,GE
2020-06-03,1047,GE
2020-06-04,1047,GE
2020-02-24,0,GL
2020-02-25,0,GL
2020-02-26,0,GL
2020-02-27,0,GL
2020-02-28,0,GL
2020-02-29,0,GL
2020-03-01,0,GL
2020-03-02,0,GL
2020-03-03,0,GL
2020-03-04,0,GL
2020-03-05,0,GL
2020-03-06,0,GL
2020-03-07,0,GL
2020-03-08,0,GL
2020-03-09,2,GL
2020-03-10,5,GL
2020-03-11,9,GL
2020-03-12,12,GL
2020-03-13,14,GL
2020-03-14,24,GL
2020-03-15,24,GL
2020-03-16,37,GL
2020-03-17,47,GL
2020-03-18,54,GL
2020-03-19,61,GL
2020-03-20,71,GL
2020-03-21,74,GL
2020-03-22,76,GL
2020-03-23,96,GL
2020-03-24,99,GL
2020-03-25,108,GL
2020-03-26,113,GL
2020-03-27,123,GL
2020-03-28,128,GL
2020-03-29,128,GL
2020-03-30,138,GL
2020-03-31,141,GL
2020-04-01,143,GL
2020-04-02,148,GL
2020-04-03,153,GL
2020-04-04,153,GL
2020-04-05,153,GL
2020-04-06,160,GL
2020-04-07,168,GL
2020-04-08,183,GL
2020-04-09,220,GL
2020-04-10,222,GL
2020-04-11,222,GL
2020-04-12,254,GL
2020-04-13,257,GL
2020-04-14,262,GL
2020-04-15,264,GL
2020-04-16,272,GL
2020-04-17,274,GL
2020-04-18,279,GL
2020-04-19,282,GL
2020-04-20,287,GL
2020-04-21,287,GL
2020-04-22,287,GL
2020-04-23,289,GL
2020-04-24,297,GL
2020-04-25,297,GL
2020-04-26,297,GL
2020-04-27,299,GL
2020-04-28,299,GL
2020-04-29,302,GL
2020-04-30,302,GL
2020-05-01,302,GL
2020-05-02,302,GL
2020-05-03,304,GL
2020-05-04,309,GL
2020-05-05,309,GL
2020-05-06,309,GL
2020-05-07,311,GL
2020-05-08,314,GL
2020-05-09,314,GL
2020-05-10,314,GL
2020-05-11,314,GL
2020-05-12,314,GL
2020-05-13,314,GL
2020-05-14,314,GL
2020-05-15,314,GL
2020-05-16,314,GL
2020-05-17,314,GL
2020-05-18,314,GL
2020-05-19,314,GL
2020-05-20,314,GL
2020-05-21,314,GL
2020-05-22,314,GL
2020-05-23,314,GL
2020-05-24,314,GL
2020-05-25,314,GL
2020-05-26,314,GL
2020-05-27,314,GL
2020-05-28,314,GL
2020-05-29,314,GL
2020-05-30,314,GL
2020-05-31,314,GL
2020-06-01,314,GL
2020-06-02,314,GL
2020-06-03,314,GL
2020-06-04,314,GL
2020-02-24,0,GR
2020-02-25,0,GR
2020-02-26,2,GR
2020-02-27,3,GR
2020-02-28,3,GR
2020-02-29,4,GR
2020-03-01,4,GR
2020-03-02,4,GR
2020-03-03,5,GR
2020-03-04,6,GR
2020-03-05,7,GR
2020-03-06,7,GR
2020-03-07,8,GR
2020-03-08,8,GR
2020-03-09,14,GR
2020-03-10,16,GR
2020-03-11,22,GR
2020-03-12,26,GR
2020-03-13,33,GR
2020-03-14,38,GR
2020-03-15,47,GR
2020-03-16,60,GR
2020-03-17,78,GR
2020-03-18,103,GR
2020-03-19,125,GR
2020-03-20,138,GR
2020-03-21,152,GR
2020-03-22,159,GR
2020-03-23,190,GR
2020-03-24,206,GR
2020-03-25,225,GR
2020-03-26,239,GR
2020-03-27,252,GR
2020-03-28,259,GR
2020-03-29,263,GR
2020-03-30,287,GR
2020-03-31,300,GR
2020-04-01,311,GR
2020-04-02,320,GR
2020-04-03,329,GR
2020-04-04,330,GR
2020-04-05,332,GR
2020-04-06,342,GR
2020-04-07,349,GR
2020-04-08,359,GR
2020-04-09,361,GR
2020-04-10,365,GR
2020-04-11,367,GR
2020-04-12,367,GR
2020-04-13,368,GR
2020-04-14,372,GR
2020-04-15,375,GR
2020-04-16,378,GR
2020-04-17,379,GR
2020-04-18,382,GR
2020-04-19,384,GR
2020-04-20,387,GR
2020-04-21,389,GR
2020-04-22,389,GR
2020-04-23,391,GR
2020-04-24,392,GR
2020-04-25,393,GR
2020-04-26,394,GR
2020-04-27,395,GR
2020-04-28,396,GR
2020-04-29,396,GR
2020-04-30,397,GR
2020-05-01,397,GR
2020-05-02,397,GR
2020-05-03,397,GR
2020-05-04,398,GR
2020-05-05,398,GR
2020-05-06,399,GR
2020-05-07,399,GR
2020-05-08,399,GR
2020-05-09,399,GR
2020-05-10,399,GR
2020-05-11,400,GR
2020-05-12,400,GR
2020-05-13,400,GR
2020-05-14,400,GR
2020-05-15,400,GR
2020-05-16,400,GR
2020-05-17,400,GR
2020-05-18,401,GR
2020-05-19,401,GR
2020-05-20,401,GR
2020-05-21,401,GR
2020-05-22,402,GR
2020-05-23,402,GR
2020-05-24,402,GR
2020-05-25,402,GR
2020-05-26,402,GR
2020-05-27,402,GR
2020-05-28,402,GR
2020-05-29,402,GR
2020-05-30,402,GR
2020-05-31,402,GR
2020-06-01,402,GR
2020-06-02,403,GR
2020-06-03,403,GR
2020-06-04,403,GR
2020-02-24,0,JU
2020-02-25,0,JU
2020-02-26,1,JU
2020-02-27,1,JU
2020-02-28,1,JU
2020-02-29,1,JU
2020-03-01,1,JU
2020-03-02,1,JU
2020-03-03,2,JU
2020-03-04,6,JU
2020-03-05,6,JU
2020-03-06,6,JU
2020-03-07,6,JU
2020-03-08,8,JU
2020-03-09,9,JU
2020-03-10,13,JU
2020-03-11,13,JU
2020-03-12,19,JU
2020-03-13,23,JU
2020-03-14,28,JU
2020-03-15,32,JU
2020-03-16,36,JU
2020-03-17,42,JU
2020-03-18,53,JU
2020-03-19,62,JU
2020-03-20,77,JU
2020-03-21,83,JU
2020-03-22,88,JU
2020-03-23,113,JU
2020-03-24,129,JU
2020-03-25,147,JU
2020-03-26,160,JU
2020-03-27,174,JU
2020-03-28,179,JU
2020-03-29,182,JU
2020-03-30,198,JU
2020-03-31,204,JU
2020-04-01,209,JU
2020-04-02,209,JU
2020-04-03,219,JU
2020-04-04,224,JU
2020-04-05,231,JU
2020-04-06,235,JU
2020-04-07,242,JU
2020-04-08,249,JU
2020-04-09,250,JU
2020-04-10,252,JU
2020-04-11,253,JU
2020-04-12,253,JU
2020-04-13,258,JU
2020-04-14,258,JU
2020-04-15,260,JU
2020-04-16,262,JU
2020-04-17,265,JU
2020-04-18,265,JU
2020-04-19,269,JU
2020-04-20,271,JU
2020-04-21,272,JU
2020-04-22,272,JU
2020-04-23,272,JU
2020-04-24,272,JU
2020-04-25,272,JU
2020-04-26,272,JU
2020-04-27,273,JU
2020-04-28,273,JU
2020-04-29,275,JU
2020-04-30,275,JU
2020-05-01,275,JU
2020-05-02,275,JU
2020-05-03,275,JU
2020-05-04,276,JU
2020-05-05,277,JU
2020-05-06,277,JU
2020-05-07,279,JU
2020-05-08,279,JU
2020-05-09,279,JU
2020-05-10,279,JU
2020-05-11,279,JU
2020-05-12,279,JU
2020-05-13,279,JU
2020-05-14,279,JU
2020-05-15,279,JU
2020-05-16,279,JU
2020-05-17,279,JU
2020-05-18,280,JU
2020-05-19,280,JU
2020-05-20,280,JU
2020-05-21,281,JU
2020-05-22,281,JU
2020-05-23,281,JU
2020-05-24,281,JU
2020-05-25,281,JU
2020-05-26,283,JU
2020-05-27,284,JU
2020-05-28,284,JU
2020-05-29,284,JU
2020-05-30,284,JU
2020-05-31,284,JU
2020-06-01,284,JU
2020-06-02,284,JU
2020-06-03,284,JU
2020-06-04,284,JU
2020-02-24,0,LU
2020-02-25,0,LU
2020-02-26,0,LU
2020-02-27,0,LU
2020-02-28,0,LU
2020-02-29,0,LU
2020-03-01,0,LU
2020-03-02,0,LU
2020-03-03,0,LU
2020-03-04,1,LU
2020-03-05,1,LU
2020-03-06,1,LU
2020-03-07,1,LU
2020-03-08,1,LU
2020-03-09,2,LU
2020-03-10,2,LU
2020-03-11,3,LU
2020-03-12,4,LU
2020-03-13,5,LU
2020-03-14,7,LU
2020-03-15,9,LU
2020-03-16,14,LU
2020-03-17,21,LU
2020-03-18,28,LU
2020-03-19,32,LU
2020-03-20,38,LU
2020-03-21,41,LU
2020-03-22,45,LU
2020-03-23,55,LU
2020-03-24,61,LU
2020-03-25,66,LU
2020-03-26,78,LU
2020-03-27,83,LU
2020-03-28,85,LU
2020-03-29,88,LU
2020-03-30,94,LU
2020-03-31,100,LU
2020-04-01,105,LU
2020-04-02,110,LU
2020-04-03,115,LU
2020-04-04,118,LU
2020-04-05,119,LU
2020-04-06,122,LU
2020-04-07,126,LU
2020-04-08,130,LU
2020-04-09,133,LU
2020-04-10,135,LU
2020-04-11,136,LU
2020-04-12,137,LU
2020-04-13,139,LU
2020-04-14,140,LU
2020-04-15,141,LU
2020-04-16,144,LU
2020-04-17,147,LU
2020-04-18,149,LU
2020-04-19,150,LU
2020-04-20,151,LU
2020-04-21,153,LU
2020-04-22,154,LU
2020-04-23,156,LU
2020-04-24,158,LU
2020-04-25,158,LU
2020-04-26,159,LU
2020-04-27,161,LU
2020-04-28,162,LU
2020-04-29,165,LU
2020-04-30,165,LU
2020-05-01,165,LU
2020-05-02,165,LU
2020-05-03,165,LU
2020-05-04,166,LU
2020-05-05,166,LU
2020-05-06,167,LU
2020-05-07,167,LU
2020-05-08,167,LU
2020-05-09,167,LU
2020-05-10,167,LU
2020-05-11,168,LU
2020-05-12,168,LU
2020-05-13,168,LU
2020-05-14,168,LU
2020-05-15,169,LU
2020-05-16,169,LU
2020-05-17,170,LU
2020-05-18,171,LU
2020-05-19,171,LU
2020-05-20,172,LU
2020-05-21,172,LU
2020-05-22,172,LU
2020-05-23,172,LU
2020-05-24,172,LU
2020-05-25,172,LU
2020-05-26,172,LU
2020-05-27,172,LU
2020-05-28,172,LU
2020-05-29,172,LU
2020-05-30,172,LU
2020-05-31,172,LU
2020-06-01,172,LU
2020-06-02,172,LU
2020-06-03,172,LU
2020-06-04,172,LU
2020-02-24,0,NE
2020-02-25,0,NE
2020-02-26,0,NE
2020-02-27,0,NE
2020-02-28,0,NE
2020-02-29,0,NE
2020-03-01,0,NE
2020-03-02,0,NE
2020-03-03,1,NE
2020-03-04,5,NE
2020-03-05,5,NE
2020-03-06,7,NE
2020-03-07,10,NE
2020-03-08,14,NE
2020-03-09,15,NE
2020-03-10,18,NE
2020-03-11,22,NE
2020-03-12,23,NE
2020-03-13,31,NE
2020-03-14,36,NE
2020-03-15,39,NE
2020-03-16,46,NE
2020-03-17,57,NE
2020-03-18,73,NE
2020-03-19,84,NE
2020-03-20,92,NE
2020-03-21,95,NE
2020-03-22,102,NE
2020-03-23,115,NE
2020-03-24,129,NE
2020-03-25,140,NE
2020-03-26,151,NE
2020-03-27,165,NE
2020-03-28,173,NE
2020-03-29,186,NE
2020-03-30,201,NE
2020-03-31,214,NE
2020-04-01,220,NE
2020-04-02,226,NE
2020-04-03,236,NE
2020-04-04,238,NE
2020-04-05,244,NE
2020-04-06,259,NE
2020-04-07,273,NE
2020-04-08,275,NE
2020-04-09,287,NE
2020-04-10,297,NE
2020-04-11,307,NE
2020-04-12,309,NE
2020-04-13,320,NE
2020-04-14,327,NE
2020-04-15,334,NE
2020-04-16,336,NE
2020-04-17,341,NE
2020-04-18,341,NE
2020-04-19,343,NE
2020-04-20,348,NE
2020-04-21,352,NE
2020-04-22,356,NE
2020-04-23,359,NE
2020-04-24,360,NE
2020-04-25,360,NE
2020-04-26,361,NE
2020-04-27,363,NE
2020-04-28,365,NE
2020-04-29,368,NE
2020-04-30,369,NE
2020-05-01,370,NE
2020-05-02,371,NE
2020-05-03,372,NE
2020-05-04,373,NE
2020-05-05,374,NE
2020-05-06,377,NE
2020-05-07,378,NE
2020-05-08,380,NE
2020-05-09,380,NE
2020-05-10,381,NE
2020-05-11,382,NE
2020-05-12,383,NE
2020-05-13,383,NE
2020-05-14,383,NE
2020-05-15,383,NE
2020-05-16,383,NE
2020-05-17,383,NE
2020-05-18,383,NE
2020-05-19,384,NE
2020-05-20,385,NE
2020-05-21,385,NE
2020-05-22,385,NE
2020-05-23,386,NE
2020-05-24,386,NE
2020-05-25,386,NE
2020-05-26,386,NE
2020-05-27,386,NE
2020-05-28,386,NE
2020-05-29,387,NE
2020-05-30,387,NE
2020-05-31,387,NE
2020-06-01,387,NE
2020-06-02,387,NE
2020-06-03,387,NE
2020-06-04,387,NE
2020-02-24,0,NW
2020-02-25,0,NW
2020-02-26,0,NW
2020-02-27,0,NW
2020-02-28,0,NW
2020-02-29,0,NW
2020-03-01,0,NW
2020-03-02,0,NW
2020-03-03,0,NW
2020-03-04,0,NW
2020-03-05,0,NW
2020-03-06,0,NW
2020-03-07,0,NW
2020-03-08,2,NW
2020-03-09,11,NW
2020-03-10,16,NW
2020-03-11,16,NW
2020-03-12,16,NW
2020-03-13,20,NW
2020-03-14,25,NW
2020-03-15,25,NW
2020-03-16,60,NW
2020-03-17,64,NW
2020-03-18,74,NW
2020-03-19,78,NW
2020-03-20,90,NW
2020-03-21,94,NW
2020-03-22,99,NW
2020-03-23,104,NW
2020-03-24,111,NW
2020-03-25,124,NW
2020-03-26,134,NW
2020-03-27,164,NW
2020-03-28,168,NW
2020-03-29,168,NW
2020-03-30,180,NW
2020-03-31,187,NW
2020-04-01,192,NW
2020-04-02,199,NW
2020-04-03,205,NW
2020-04-04,210,NW
2020-04-05,210,NW
2020-04-06,224,NW
2020-04-07,229,NW
2020-04-08,236,NW
2020-04-09,238,NW
2020-04-10,240,NW
2020-04-11,242,NW
2020-04-12,245,NW
2020-04-13,245,NW
2020-04-14,245,NW
2020-04-15,249,NW
2020-04-16,249,NW
2020-04-17,249,NW
2020-04-18,249,NW
2020-04-19,249,NW
2020-04-20,249,NW
2020-04-21,249,NW
2020-04-22,249,NW
2020-04-23,252,NW
2020-04-24,254,NW
2020-04-25,254,NW
2020-04-26,256,NW
2020-04-27,259,NW
2020-04-28,259,NW
2020-04-29,259,NW
2020-04-30,259,NW
2020-05-01,259,NW
2020-05-02,259,NW
2020-05-03,259,NW
2020-05-04,261,NW
2020-05-05,261,NW
2020-05-06,261,NW
2020-05-07,261,NW
2020-05-08,263,NW
2020-05-09,268,NW
2020-05-10,270,NW
2020-05-11,270,NW
2020-05-12,277,NW
2020-05-13,277,NW
2020-05-14,277,NW
2020-05-15,279,NW
2020-05-16,279,NW
2020-05-17,279,NW
2020-05-18,279,NW
2020-05-19,279,NW
2020-05-20,279,NW
2020-05-21,279,NW
2020-05-22,279,NW
2020-05-23,279,NW
2020-05-24,279,NW
2020-05-25,279,NW
2020-05-26,279,NW
2020-05-27,279,NW
2020-05-28,279,NW
2020-05-29,279,NW
2020-05-30,282,NW
2020-05-31,282,NW
2020-06-01,282,NW
2020-06-02,282,NW
2020-06-03,282,NW
2020-06-04,282,NW
2020-02-24,0,OW
2020-02-25,0,OW
2020-02-26,0,OW
2020-02-27,0,OW
2020-02-28,0,OW
2020-02-29,0,OW
2020-03-01,0,OW
2020-03-02,0,OW
2020-03-03,0,OW
2020-03-04,0,OW
2020-03-05,0,OW
2020-03-06,0,OW
2020-03-07,0,OW
2020-03-08,0,OW
2020-03-09,0,OW
2020-03-10,2,OW
2020-03-11,18,OW
2020-03-12,18,OW
2020-03-13,26,OW
2020-03-14,39,OW
2020-03-15,39,OW
2020-03-16,44,OW
2020-03-17,47,OW
2020-03-18,52,OW
2020-03-19,52,OW
2020-03-20,55,OW
2020-03-21,60,OW
2020-03-22,66,OW
2020-03-23,68,OW
2020-03-24,68,OW
2020-03-25,74,OW
2020-03-26,81,OW
2020-03-27,92,OW
2020-03-28,97,OW
2020-03-29,103,OW
2020-03-30,108,OW
2020-03-31,111,OW
2020-04-01,118,OW
2020-04-02,129,OW
2020-04-03,129,OW
2020-04-04,132,OW
2020-04-05,140,OW
2020-04-06,142,OW
2020-04-07,145,OW
2020-04-08,148,OW
2020-04-09,148,OW
2020-04-10,148,OW
2020-04-11,148,OW
2020-04-12,148,OW
2020-04-13,148,OW
2020-04-14,148,OW
2020-04-15,150,OW
2020-04-16,155,OW
2020-04-17,158,OW
2020-04-18,158,OW
2020-04-19,158,OW
2020-04-20,158,OW
2020-04-21,158,OW
2020-04-22,161,OW
2020-04-23,166,OW
2020-04-24,169,OW
2020-04-25,174,OW
2020-04-26,179,OW
2020-04-27,185,OW
2020-04-28,190,OW
2020-04-29,192,OW
2020-04-30,192,OW
2020-05-01,192,OW
2020-05-02,195,OW
2020-05-03,195,OW
2020-05-04,195,OW
2020-05-05,195,OW
2020-05-06,195,OW
2020-05-07,195,OW
2020-05-08,195,OW
2020-05-09,195,OW
2020-05-10,195,OW
2020-05-11,195,OW
2020-05-12,195,OW
2020-05-13,195,OW
2020-05-14,195,OW
2020-05-15,195,OW
2020-05-16,195,OW
2020-05-17,195,OW
2020-05-18,198,OW
2020-05-19,198,OW
2020-05-20,203,OW
2020-05-21,203,OW
2020-05-22,203,OW
2020-05-23,203,OW
2020-05-24,203,OW
2020-05-25,203,OW
2020-05-26,203,OW
2020-05-27,203,OW
2020-05-28,203,OW
2020-05-29,203,OW
2020-05-30,203,OW
2020-05-31,203,OW
2020-06-01,203,OW
2020-06-02,203,OW
2020-06-03,203,OW
2020-06-04,203,OW
2020-02-24,0,SG
2020-02-25,0,SG
2020-02-26,0,SG
2020-02-27,0,SG
2020-02-28,0,SG
2020-02-29,0,SG
2020-03-01,0,SG
2020-03-02,0,SG
2020-03-03,0,SG
2020-03-04,0,SG
2020-03-05,0,SG
2020-03-06,0,SG
2020-03-07,0,SG
2020-03-08,1,SG
2020-03-09,2,SG
2020-03-10,2,SG
2020-03-11,4,SG
2020-03-12,5,SG
2020-03-13,7,SG
2020-03-14,9,SG
2020-03-15,9,SG
2020-03-16,15,SG
2020-03-17,20,SG
2020-03-18,25,SG
2020-03-19,29,SG
2020-03-20,37,SG
2020-03-21,39,SG
2020-03-22,41,SG
2020-03-23,51,SG
2020-03-24,56,SG
2020-03-25,62,SG
2020-03-26,68,SG
2020-03-27,75,SG
2020-03-28,77,SG
2020-03-29,77,SG
2020-03-30,84,SG
2020-03-31,91,SG
2020-04-01,95,SG
2020-04-02,100,SG
2020-04-03,106,SG
2020-04-04,108,SG
2020-04-05,109,SG
2020-04-06,116,SG
2020-04-07,121,SG
2020-04-08,123,SG
2020-04-09,126,SG
2020-04-10,126,SG
2020-04-11,128,SG
2020-04-12,129,SG
2020-04-13,131,SG
2020-04-14,132,SG
2020-04-15,134,SG
2020-04-16,136,SG
2020-04-17,138,SG
2020-04-18,139,SG
2020-04-19,139,SG
2020-04-20,142,SG
2020-04-21,144,SG
2020-04-22,145,SG
2020-04-23,146,SG
2020-04-24,148,SG
2020-04-25,149,SG
2020-04-26,149,SG
2020-04-27,150,SG
2020-04-28,150,SG
2020-04-29,152,SG
2020-04-30,152,SG
2020-05-01,152,SG
2020-05-02,152,SG
2020-05-03,152,SG
2020-05-04,153,SG
2020-05-05,153,SG
2020-05-06,153,SG
2020-05-07,153,SG
2020-05-08,154,SG
2020-05-09,154,SG
2020-05-10,154,SG
2020-05-11,154,SG
2020-05-12,154,SG
2020-05-13,154,SG
2020-05-14,154,SG
2020-05-15,154,SG
2020-05-16,154,SG
2020-05-17,154,SG
2020-05-18,155,SG
2020-05-19,155,SG
2020-05-20,155,SG
2020-05-21,155,SG
2020-05-22,155,SG
2020-05-23,155,SG
2020-05-24,155,SG
2020-05-25,155,SG
2020-05-26,155,SG
2020-05-27,155,SG
2020-05-28,155,SG
2020-05-29,155,SG
2020-05-30,155,SG
2020-05-31,155,SG
2020-06-01,155,SG
2020-06-02,155,SG
2020-06-03,155,SG
2020-06-04,155,SG
2020-02-24,0,SH
2020-02-25,0,SH
2020-02-26,0,SH
2020-02-27,0,SH
2020-02-28,0,SH
2020-02-29,0,SH
2020-03-01,0,SH
2020-03-02,0,SH
2020-03-03,0,SH
2020-03-04,0,SH
2020-03-05,0,SH
2020-03-06,0,SH
2020-03-07,0,SH
2020-03-08,0,SH
2020-03-09,0,SH
2020-03-10,1,SH
2020-03-11,1,SH
2020-03-12,1,SH
2020-03-13,1,SH
2020-03-14,2,SH
2020-03-15,2,SH
2020-03-16,8,SH
2020-03-17,12,SH
2020-03-18,15,SH
2020-03-19,19,SH
2020-03-20,35,SH
2020-03-21,37,SH
2020-03-22,39,SH
2020-03-23,41,SH
2020-03-24,42,SH
2020-03-25,45,SH
2020-03-26,48,SH
2020-03-27,48,SH
2020-03-28,50,SH
2020-03-29,52,SH
2020-03-30,53,SH
2020-03-31,56,SH
2020-04-01,57,SH
2020-04-02,58,SH
2020-04-03,59,SH
2020-04-04,61,SH
2020-04-05,61,SH
2020-04-06,64,SH
2020-04-07,64,SH
2020-04-08,67,SH
2020-04-09,69,SH
2020-04-10,69,SH
2020-04-11,69,SH
2020-04-12,72,SH
2020-04-13,73,SH
2020-04-14,73,SH
2020-04-15,74,SH
2020-04-16,75,SH
2020-04-17,76,SH
2020-04-18,76,SH
2020-04-19,76,SH
2020-04-20,78,SH
2020-04-21,82,SH
2020-04-22,86,SH
2020-04-23,87,SH
2020-04-24,89,SH
2020-04-25,90,SH
2020-04-26,90,SH
2020-04-27,90,SH
2020-04-28,91,SH
2020-04-29,91,SH
2020-04-30,91,SH
2020-05-01,91,SH
2020-05-02,91,SH
2020-05-03,91,SH
2020-05-04,91,SH
2020-05-05,92,SH
2020-05-06,93,SH
2020-05-07,95,SH
2020-05-08,95,SH
2020-05-09,95,SH
2020-05-10,95,SH
2020-05-11,95,SH
2020-05-12,95,SH
2020-05-13,95,SH
2020-05-14,95,SH
2020-05-15,95,SH
2020-05-16,95,SH
2020-05-17,95,SH
2020-05-18,95,SH
2020-05-19,95,SH
2020-05-20,95,SH
2020-05-21,95,SH
2020-05-22,95,SH
2020-05-23,95,SH
2020-05-24,96,SH
2020-05-25,96,SH
2020-05-26,96,SH
2020-05-27,96,SH
2020-05-28,96,SH
2020-05-29,96,SH
2020-05-30,96,SH
2020-05-31,96,SH
2020-06-01,96,SH
2020-06-02,96,SH
2020-06-03,96,SH
2020-06-04,96,SH
2020-02-24,0,SO
2020-02-25,0,SO
2020-02-26,0,SO
2020-02-27,0,SO
2020-02-28,0,SO
2020-02-29,0,SO
2020-03-01,0,SO
2020-03-02,0,SO
2020-03-03,0,SO
2020-03-04,0,SO
2020-03-05,0,SO
2020-03-06,0,SO
2020-03-07,0,SO
2020-03-08,0,SO
2020-03-09,1,SO
2020-03-10,2,SO
2020-03-11,2,SO
2020-03-12,4,SO
2020-03-13,4,SO
2020-03-14,5,SO
2020-03-15,6,SO
2020-03-16,13,SO
2020-03-17,15,SO
2020-03-18,19,SO
2020-03-19,22,SO
2020-03-20,29,SO
2020-03-21,31,SO
2020-03-22,35,SO
2020-03-23,41,SO
2020-03-24,48,SO
2020-03-25,53,SO
2020-03-26,59,SO
2020-03-27,66,SO
2020-03-28,67,SO
2020-03-29,69,SO
2020-03-30,76,SO
2020-03-31,79,SO
2020-04-01,82,SO
2020-04-02,87,SO
2020-04-03,90,SO
2020-04-04,91,SO
2020-04-05,92,SO
2020-04-06,98,SO
2020-04-07,100,SO
2020-04-08,104,SO
2020-04-09,108,SO
2020-04-10,109,SO
2020-04-11,112,SO
2020-04-12,113,SO
2020-04-13,114,SO
2020-04-14,118,SO
2020-04-15,120,SO
2020-04-16,122,SO
2020-04-17,123,SO
2020-04-18,123,SO
2020-04-19,124,SO
2020-04-20,127,SO
2020-04-21,128,SO
2020-04-22,130,SO
2020-04-23,130,SO
2020-04-24,131,SO
2020-04-25,132,SO
2020-04-26,132,SO
2020-04-27,132,SO
2020-04-28,134,SO
2020-04-29,134,SO
2020-04-30,135,SO
2020-05-01,138,SO
2020-05-02,138,SO
2020-05-03,138,SO
2020-05-04,139,SO
2020-05-05,140,SO
2020-05-06,140,SO
2020-05-07,143,SO
2020-05-08,145,SO
2020-05-09,145,SO
2020-05-10,146,SO
2020-05-11,146,SO
2020-05-12,147,SO
2020-05-13,147,SO
2020-05-14,147,SO
2020-05-15,149,SO
2020-05-16,149,SO
2020-05-17,150,SO
2020-05-18,150,SO
2020-05-19,150,SO
2020-05-20,150,SO
2020-05-21,150,SO
2020-05-22,150,SO
2020-05-23,150,SO
2020-05-24,150,SO
2020-05-25,150,SO
2020-05-26,151,SO
2020-05-27,151,SO
2020-05-28,152,SO
2020-05-29,152,SO
2020-05-30,152,SO
2020-05-31,152,SO
2020-06-01,152,SO
2020-06-02,153,SO
2020-06-03,153,SO
2020-06-04,153,SO
2020-02-24,0,SZ
2020-02-25,0,SZ
2020-02-26,0,SZ
2020-02-27,0,SZ
2020-02-28,0,SZ
2020-02-29,0,SZ
2020-03-01,0,SZ
2020-03-02,1,SZ
2020-03-03,3,SZ
2020-03-04,3,SZ
2020-03-05,3,SZ
2020-03-06,3,SZ
2020-03-07,3,SZ
2020-03-08,3,SZ
2020-03-09,5,SZ
2020-03-10,5,SZ
2020-03-11,6,SZ
2020-03-12,10,SZ
2020-03-13,13,SZ
2020-03-14,15,SZ
2020-03-15,17,SZ
2020-03-16,27,SZ
2020-03-17,31,SZ
2020-03-18,44,SZ
2020-03-19,47,SZ
2020-03-20,51,SZ
2020-03-21,52,SZ
2020-03-22,55,SZ
2020-03-23,62,SZ
2020-03-24,67,SZ
2020-03-25,71,SZ
2020-03-26,78,SZ
2020-03-27,80,SZ
2020-03-28,82,SZ
2020-03-29,82,SZ
2020-03-30,89,SZ
2020-03-31,93,SZ
2020-04-01,98,SZ
2020-04-02,99,SZ
2020-04-03,108,SZ
2020-04-04,111,SZ
2020-04-05,114,SZ
2020-04-06,119,SZ
2020-04-07,122,SZ
2020-04-08,133,SZ
2020-04-09,150,SZ
2020-04-10,152,SZ
2020-04-11,153,SZ
2020-04-12,154,SZ
2020-04-13,155,SZ
2020-04-14,158,SZ
2020-04-15,159,SZ
2020-04-16,160,SZ
2020-04-17,162,SZ
2020-04-18,164,SZ
2020-04-19,165,SZ
2020-04-20,167,SZ
2020-04-21,168,SZ
2020-04-22,170,SZ
2020-04-23,174,SZ
2020-04-24,175,SZ
2020-04-25,175,SZ
2020-04-26,175,SZ
2020-04-27,176,SZ
2020-04-28,180,SZ
2020-04-29,180,SZ
2020-04-30,181,SZ
2020-05-01,181,SZ
2020-05-02,181,SZ
2020-05-03,181,SZ
2020-05-04,181,SZ
2020-05-05,181,SZ
2020-05-06,181,SZ
2020-05-07,182,SZ
2020-05-08,182,SZ
2020-05-09,182,SZ
2020-05-10,182,SZ
2020-05-11,182,SZ
2020-05-12,182,SZ
2020-05-13,182,SZ
2020-05-14,182,SZ
2020-05-15,182,SZ
2020-05-16,182,SZ
2020-05-17,182,SZ
2020-05-18,182,SZ
2020-05-19,182,SZ
2020-05-20,182,SZ
2020-05-21,182,SZ
2020-05-22,182,SZ
2020-05-23,182,SZ
2020-05-24,182,SZ
2020-05-25,182,SZ
2020-05-26,182,SZ
2020-05-27,182,SZ
2020-05-28,182,SZ
2020-05-29,182,SZ
2020-05-30,182,SZ
2020-05-31,182,SZ
2020-06-01,182,SZ
2020-06-02,182,SZ
2020-06-03,182,SZ
2020-06-04,182,SZ
2020-02-24,0,TG
2020-02-25,0,TG
2020-02-26,0,TG
2020-02-27,0,TG
2020-02-28,0,TG
2020-02-29,0,TG
2020-03-01,0,TG
2020-03-02,0,TG
2020-03-03,0,TG
2020-03-04,0,TG
2020-03-05,0,TG
2020-03-06,0,TG
2020-03-07,0,TG
2020-03-08,0,TG
2020-03-09,1,TG
2020-03-10,1,TG
2020-03-11,2,TG
2020-03-12,2,TG
2020-03-13,5,TG
2020-03-14,5,TG
2020-03-15,6,TG
2020-03-16,10,TG
2020-03-17,13,TG
2020-03-18,16,TG
2020-03-19,18,TG
2020-03-20,25,TG
2020-03-21,26,TG
2020-03-22,27,TG
2020-03-23,31,TG
2020-03-24,36,TG
2020-03-25,39,TG
2020-03-26,42,TG
2020-03-27,48,TG
2020-03-28,50,TG
2020-03-29,51,TG
2020-03-30,58,TG
2020-03-31,62,TG
2020-04-01,67,TG
2020-04-02,72,TG
2020-04-03,75,TG
2020-04-04,77,TG
2020-04-05,79,TG
2020-04-06,86,TG
2020-04-07,92,TG
2020-04-08,95,TG
2020-04-09,99,TG
2020-04-10,101,TG
2020-04-11,102,TG
2020-04-12,103,TG
2020-04-13,104,TG
2020-04-14,107,TG
2020-04-15,110,TG
2020-04-16,112,TG
2020-04-17,113,TG
2020-04-18,115,TG
2020-04-19,116,TG
2020-04-20,121,TG
2020-04-21,122,TG
2020-04-22,123,TG
2020-04-23,123,TG
2020-04-24,123,TG
2020-04-25,123,TG
2020-04-26,123,TG
2020-04-27,124,TG
2020-04-28,124,TG
2020-04-29,125,TG
2020-04-30,125,TG
2020-05-01,125,TG
2020-05-02,125,TG
2020-05-03,125,TG
2020-05-04,126,TG
2020-05-05,126,TG
2020-05-06,126,TG
2020-05-07,126,TG
2020-05-08,126,TG
2020-05-09,126,TG
2020-05-10,126,TG
2020-05-11,126,TG
2020-05-12,127,TG
2020-05-13,127,TG
2020-05-14,127,TG
2020-05-15,127,TG
2020-05-16,127,TG
2020-05-17,127,TG
2020-05-18,127,TG
2020-05-19,127,TG
2020-05-20,127,TG
2020-05-21,127,TG
2020-05-22,127,TG
2020-05-23,127,TG
2020-05-24,127,TG
2020-05-25,127,TG
2020-05-26,127,TG
2020-05-27,127,TG
2020-05-28,127,TG
2020-05-29,128,TG
2020-05-30,128,TG
2020-05-31,128,TG
2020-06-01,128,TG
2020-06-02,128,TG
2020-06-03,128,TG
2020-06-04,128,TG
2020-02-24,0,UR
2020-02-25,0,UR
2020-02-26,0,UR
2020-02-27,0,UR
2020-02-28,0,UR
2020-02-29,0,UR
2020-03-01,0,UR
2020-03-02,0,UR
2020-03-03,0,UR
2020-03-04,0,UR
2020-03-05,0,UR
2020-03-06,0,UR
2020-03-07,0,UR
2020-03-08,0,UR
2020-03-09,0,UR
2020-03-10,0,UR
2020-03-11,0,UR
2020-03-12,0,UR
2020-03-13,0,UR
2020-03-14,0,UR
2020-03-15,0,UR
2020-03-16,2,UR
2020-03-17,11,UR
2020-03-18,13,UR
2020-03-19,13,UR
2020-03-20,24,UR
2020-03-21,30,UR
2020-03-22,49,UR
2020-03-23,68,UR
2020-03-24,85,UR
2020-03-25,93,UR
2020-03-26,107,UR
2020-03-27,123,UR
2020-03-28,131,UR
2020-03-29,137,UR
2020-03-30,148,UR
2020-03-31,153,UR
2020-04-01,161,UR
2020-04-02,170,UR
2020-04-03,175,UR
2020-04-04,175,UR
2020-04-05,175,UR
2020-04-06,183,UR
2020-04-07,183,UR
2020-04-08,189,UR
2020-04-09,192,UR
2020-04-10,192,UR
2020-04-11,194,UR
2020-04-12,197,UR
2020-04-13,197,UR
2020-04-14,197,UR
2020-04-15,200,UR
2020-04-16,200,UR
2020-04-17,200,UR
2020-04-18,200,UR
2020-04-19,200,UR
2020-04-20,200,UR
2020-04-21,200,UR
2020-04-22,200,UR
2020-04-23,200,UR
2020-04-24,205,UR
2020-04-25,205,UR
2020-04-26,216,UR
2020-04-27,219,UR
2020-04-28,219,UR
2020-04-29,222,UR
2020-04-30,225,UR
2020-05-01,233,UR
2020-05-02,233,UR
2020-05-03,236,UR
2020-05-04,236,UR
2020-05-05,238,UR
2020-05-06,241,UR
2020-05-07,241,UR
2020-05-08,241,UR
2020-05-09,241,UR
2020-05-10,241,UR
2020-05-11,241,UR
2020-05-12,241,UR
2020-05-13,241,UR
2020-05-14,244,UR
2020-05-15,244,UR
2020-05-16,244,UR
2020-05-17,244,UR
2020-05-18,244,UR
2020-05-19,247,UR
2020-05-20,247,UR
2020-05-21,247,UR
2020-05-22,247,UR
2020-05-23,247,UR
2020-05-24,247,UR
2020-05-25,247,UR
2020-05-26,247,UR
2020-05-27,247,UR
2020-05-28,247,UR
2020-05-29,247,UR
2020-05-30,247,UR
2020-05-31,247,UR
2020-06-01,247,UR
2020-06-02,247,UR
2020-06-03,247,UR
2020-06-04,247,UR
2020-02-24,0,VD
2020-02-25,0,VD
2020-02-26,0,VD
2020-02-27,0,VD
2020-02-28,0,VD
2020-02-29,0,VD
2020-03-01,0,VD
2020-03-02,0,VD
2020-03-03,1,VD
2020-03-04,2,VD
2020-03-05,3,VD
2020-03-06,4,VD
2020-03-07,6,VD
2020-03-08,7,VD
2020-03-09,11,VD
2020-03-10,16,VD
2020-03-11,26,VD
2020-03-12,35,VD
2020-03-13,47,VD
2020-03-14,60,VD
2020-03-15,72,VD
2020-03-16,102,VD
2020-03-17,133,VD
2020-03-18,166,VD
2020-03-19,194,VD
2020-03-20,224,VD
2020-03-21,239,VD
2020-03-22,252,VD
2020-03-23,291,VD
2020-03-24,325,VD
2020-03-25,349,VD
2020-03-26,374,VD
2020-03-27,404,VD
2020-03-28,421,VD
2020-03-29,432,VD
2020-03-30,458,VD
2020-03-31,479,VD
2020-04-01,498,VD
2020-04-02,515,VD
2020-04-03,532,VD
2020-04-04,541,VD
2020-04-05,546,VD
2020-04-06,561,VD
2020-04-07,571,VD
2020-04-08,583,VD
2020-04-09,595,VD
2020-04-10,601,VD
2020-04-11,606,VD
2020-04-12,611,VD
2020-04-13,616,VD
2020-04-14,625,VD
2020-04-15,631,VD
2020-04-16,635,VD
2020-04-17,639,VD
2020-04-18,642,VD
2020-04-19,643,VD
2020-04-20,647,VD
2020-04-21,651,VD
2020-04-22,654,VD
2020-04-23,658,VD
2020-04-24,661,VD
2020-04-25,662,VD
2020-04-26,664,VD
2020-04-27,666,VD
2020-04-28,669,VD
2020-04-29,670,VD
2020-04-30,672,VD
2020-05-01,674,VD
2020-05-02,675,VD
2020-05-03,675,VD
2020-05-04,677,VD
2020-05-05,678,VD
2020-05-06,680,VD
2020-05-07,681,VD
2020-05-08,682,VD
2020-05-09,683,VD
2020-05-10,683,VD
2020-05-11,684,VD
2020-05-12,685,VD
2020-05-13,686,VD
2020-05-14,687,VD
2020-05-15,687,VD
2020-05-16,687,VD
2020-05-17,687,VD
2020-05-18,688,VD
2020-05-19,688,VD
2020-05-20,689,VD
2020-05-21,689,VD
2020-05-22,689,VD
2020-05-23,690,VD
2020-05-24,690,VD
2020-05-25,690,VD
2020-05-26,691,VD
2020-05-27,691,VD
2020-05-28,691,VD
2020-05-29,692,VD
2020-05-30,692,VD
2020-05-31,692,VD
2020-06-01,692,VD
2020-06-02,692,VD
2020-06-03,693,VD
2020-06-04,693,VD
2020-02-24,0,VS
2020-02-25,0,VS
2020-02-26,0,VS
2020-02-27,0,VS
2020-02-28,0,VS
2020-02-29,0,VS
2020-03-01,0,VS
2020-03-02,1,VS
2020-03-03,1,VS
2020-03-04,1,VS
2020-03-05,1,VS
2020-03-06,1,VS
2020-03-07,2,VS
2020-03-08,3,VS
2020-03-09,4,VS
2020-03-10,6,VS
2020-03-11,8,VS
2020-03-12,15,VS
2020-03-13,20,VS
2020-03-14,26,VS
2020-03-15,29,VS
2020-03-16,46,VS
2020-03-17,61,VS
2020-03-18,85,VS
2020-03-19,96,VS
2020-03-20,123,VS
2020-03-21,138,VS
2020-03-22,149,VS
2020-03-23,177,VS
2020-03-24,206,VS
2020-03-25,226,VS
2020-03-26,248,VS
2020-03-27,275,VS
2020-03-28,287,VS
2020-03-29,297,VS
2020-03-30,322,VS
2020-03-31,342,VS
2020-04-01,362,VS
2020-04-02,375,VS
2020-04-03,390,VS
2020-04-04,399,VS
2020-04-05,404,VS
2020-04-06,423,VS
2020-04-07,434,VS
2020-04-08,445,VS
2020-04-09,453,VS
2020-04-10,462,VS
2020-04-11,469,VS
2020-04-12,472,VS
2020-04-13,476,VS
2020-04-14,484,VS
2020-04-15,488,VS
2020-04-16,493,VS
2020-04-17,498,VS
2020-04-18,501,VS
2020-04-19,503,VS
2020-04-20,509,VS
2020-04-21,511,VS
2020-04-22,513,VS
2020-04-23,518,VS
2020-04-24,520,VS
2020-04-25,522,VS
2020-04-26,522,VS
2020-04-27,528,VS
2020-04-28,530,VS
2020-04-29,532,VS
2020-04-30,534,VS
2020-05-01,535,VS
2020-05-02,536,VS
2020-05-03,537,VS
2020-05-04,539,VS
2020-05-05,539,VS
2020-05-06,541,VS
2020-05-07,541,VS
2020-05-08,542,VS
2020-05-09,542,VS
2020-05-10,543,VS
2020-05-11,544,VS
2020-05-12,544,VS
2020-05-13,544,VS
2020-05-14,545,VS
2020-05-15,547,VS
2020-05-16,548,VS
2020-05-17,548,VS
2020-05-18,549,VS
2020-05-19,549,VS
2020-05-20,549,VS
2020-05-21,549,VS
2020-05-22,549,VS
2020-05-23,549,VS
2020-05-24,550,VS
2020-05-25,550,VS
2020-05-26,551,VS
2020-05-27,552,VS
2020-05-28,552,VS
2020-05-29,552,VS
2020-05-30,552,VS
2020-05-31,552,VS
2020-06-01,553,VS
2020-06-02,553,VS
2020-06-03,553,VS
2020-06-04,553,VS
2020-02-24,0,ZG
2020-02-25,0,ZG
2020-02-26,0,ZG
2020-02-27,0,ZG
2020-02-28,0,ZG
2020-02-29,0,ZG
2020-03-01,0,ZG
2020-03-02,2,ZG
2020-03-03,4,ZG
2020-03-04,5,ZG
2020-03-05,5,ZG
2020-03-06,5,ZG
2020-03-07,5,ZG
2020-03-08,5,ZG
2020-03-09,5,ZG
2020-03-10,5,ZG
2020-03-11,6,ZG
2020-03-12,9,ZG
2020-03-13,10,ZG
2020-03-14,13,ZG
2020-03-15,13,ZG
2020-03-16,16,ZG
2020-03-17,24,ZG
2020-03-18,27,ZG
2020-03-19,29,ZG
2020-03-20,35,ZG
2020-03-21,39,ZG
2020-03-22,39,ZG
2020-03-23,42,ZG
2020-03-24,48,ZG
2020-03-25,53,ZG
2020-03-26,57,ZG
2020-03-27,63,ZG
2020-03-28,67,ZG
2020-03-29,68,ZG
2020-03-30,74,ZG
2020-03-31,76,ZG
2020-04-01,85,ZG
2020-04-02,90,ZG
2020-04-03,96,ZG
2020-04-04,99,ZG
2020-04-05,100,ZG
2020-04-06,104,ZG
2020-04-07,105,ZG
2020-04-08,108,ZG
2020-04-09,109,ZG
2020-04-10,109,ZG
2020-04-11,109,ZG
2020-04-12,111,ZG
2020-04-13,112,ZG
2020-04-14,112,ZG
2020-04-15,112,ZG
2020-04-16,114,ZG
2020-04-17,114,ZG
2020-04-18,115,ZG
2020-04-19,115,ZG
2020-04-20,115,ZG
2020-04-21,115,ZG
2020-04-22,118,ZG
2020-04-23,119,ZG
2020-04-24,121,ZG
2020-04-25,122,ZG
2020-04-26,122,ZG
2020-04-27,123,ZG
2020-04-28,124,ZG
2020-04-29,126,ZG
2020-04-30,126,ZG
2020-05-01,126,ZG
2020-05-02,127,ZG
2020-05-03,127,ZG
2020-05-04,127,ZG
2020-05-05,128,ZG
2020-05-06,128,ZG
2020-05-07,128,ZG
2020-05-08,128,ZG
2020-05-09,128,ZG
2020-05-10,128,ZG
2020-05-11,128,ZG
2020-05-12,129,ZG
2020-05-13,130,ZG
2020-05-14,131,ZG
2020-05-15,131,ZG
2020-05-16,131,ZG
2020-05-17,131,ZG
2020-05-18,131,ZG
2020-05-19,131,ZG
2020-05-20,132,ZG
2020-05-21,132,ZG
2020-05-22,134,ZG
2020-05-23,134,ZG
2020-05-24,134,ZG
2020-05-25,134,ZG
2020-05-26,134,ZG
2020-05-27,134,ZG
2020-05-28,134,ZG
2020-05-29,134,ZG
2020-05-30,134,ZG
2020-05-31,134,ZG
2020-06-01,134,ZG
2020-06-02,134,ZG
2020-06-03,134,ZG
2020-06-04,134,ZG
2020-02-24,0,ZH
2020-02-25,0,ZH
2020-02-26,0,ZH
2020-02-27,0,ZH
2020-02-28,0,ZH
2020-02-29,0,ZH
2020-03-01,0,ZH
2020-03-02,0,ZH
2020-03-03,0,ZH
2020-03-04,1,ZH
2020-03-05,1,ZH
2020-03-06,1,ZH
2020-03-07,2,ZH
2020-03-08,2,ZH
2020-03-09,3,ZH
2020-03-10,5,ZH
2020-03-11,8,ZH
2020-03-12,10,ZH
2020-03-13,14,ZH
2020-03-14,16,ZH
2020-03-15,19,ZH
2020-03-16,27,ZH
2020-03-17,36,ZH
2020-03-18,45,ZH
2020-03-19,53,ZH
2020-03-20,63,ZH
2020-03-21,67,ZH
2020-03-22,71,ZH
2020-03-23,82,ZH
2020-03-24,91,ZH
2020-03-25,98,ZH
2020-03-26,106,ZH
2020-03-27,116,ZH
2020-03-28,121,ZH
2020-03-29,124,ZH
2020-03-30,134,ZH
2020-03-31,142,ZH
2020-04-01,150,ZH
2020-04-02,158,ZH
2020-04-03,166,ZH
2020-04-04,169,ZH
2020-04-05,171,ZH
2020-04-06,177,ZH
2020-04-07,183,ZH
2020-04-08,187,ZH
2020-04-09,190,ZH
2020-04-10,192,ZH
2020-04-11,193,ZH
2020-04-12,195,ZH
2020-04-13,197,ZH
2020-04-14,200,ZH
2020-04-15,202,ZH
2020-04-16,205,ZH
2020-04-17,207,ZH
2020-04-18,207,ZH
2020-04-19,208,ZH
2020-04-20,210,ZH
2020-04-21,212,ZH
2020-04-22,213,ZH
2020-04-23,215,ZH
2020-04-24,217,ZH
2020-04-25,218,ZH
2020-04-26,218,ZH
2020-04-27,220,ZH
2020-04-28,221,ZH
2020-04-29,222,ZH
2020-04-30,222,ZH
2020-05-01,222,ZH
2020-05-02,223,ZH
2020-05-03,223,ZH
2020-05-04,224,ZH
2020-05-05,225,ZH
2020-05-06,225,ZH
2020-05-07,226,ZH
2020-05-08,226,ZH
2020-05-09,226,ZH
2020-05-10,226,ZH
2020-05-11,227,ZH
2020-05-12,227,ZH
2020-05-13,227,ZH
2020-05-14,227,ZH
2020-05-15,228,ZH
2020-05-16,228,ZH
2020-05-17,228,ZH
2020-05-18,228,ZH
2020-05-19,228,ZH
2020-05-20,228,ZH
2020-05-21,229,ZH
2020-05-22,229,ZH
2020-05-23,229,ZH
2020-05-24,229,ZH
2020-05-25,229,ZH
2020-05-26,229,ZH
2020-05-27,230,ZH
2020-05-28,230,ZH
2020-05-29,231,ZH
2020-05-30,231,ZH
2020-05-31,231,ZH
2020-06-01,231,ZH
2020-06-02,231,ZH
2020-06-03,231,ZH
2020-06-04,231,ZH
