date,canton_codes,avg_distance_km
2020-02-01,AG,44.05
2020-02-02,AG,27.8
2020-02-03,AG,42.56
2020-02-04,AG,44.89
2020-02-05,AG,47.05
2020-02-06,AG,49.67
2020-02-07,AG,52.28
2020-02-08,AG,44.58
2020-02-09,AG,33.25
2020-02-10,AG,38.66
2020-02-11,AG,43.15
2020-02-12,AG,46.68
2020-02-13,AG,47.24
2020-02-14,AG,50.52
2020-02-15,AG,43.9
2020-02-16,AG,32.22
2020-02-17,AG,42.73
2020-02-18,AG,46.56
2020-02-19,AG,45.92
2020-02-20,AG,48.13
2020-02-21,AG,50.13
2020-02-22,AG,43.64
2020-02-23,AG,29.54
2020-02-24,AG,44.71
2020-02-25,AG,44.69
2020-02-26,AG,44.74
2020-02-27,AG,45.36
2020-02-28,AG,48.96
2020-02-29,AG,37.94
2020-03-01,AG,29.54
2020-03-02,AG,41.02
2020-03-03,AG,43.59
2020-03-04,AG,45.75
2020-03-05,AG,44.12
2020-03-06,AG,46.86
2020-03-07,AG,37.78
2020-03-08,AG,31.35
2020-03-09,AG,41.5
2020-03-10,AG,42.57
2020-03-11,AG,44.72
2020-03-12,AG,43.82
2020-03-13,AG,44.59
2020-03-14,AG,30.28
2020-03-15,AG,26.31
2020-03-16,AG,36.02
2020-03-17,AG,29.96
2020-03-18,AG,29.51
2020-03-19,AG,28.51
2020-03-20,AG,27.45
2020-03-21,AG,14.7
2020-03-22,AG,10.57
2020-03-23,AG,24.05
2020-03-24,AG,24.15
2020-03-25,AG,24.42
2020-03-26,AG,24.39
2020-03-27,AG,26.05
2020-03-28,AG,19.92
2020-03-29,AG,10.43
2020-03-30,AG,22.89
2020-03-31,AG,25.14
2020-04-01,AG,26.01
2020-04-02,AG,26.24
2020-04-03,AG,27.13
2020-04-04,AG,19.11
2020-04-05,AG,16.78
2020-04-06,AG,25.91
2020-04-07,AG,22.2
2020-04-08,AG,28.3
2020-04-09,AG,30.21
2020-04-10,AG,18.85
2020-04-11,AG,22.03
2020-04-12,AG,18.12
2020-04-13,AG,17.36
2020-04-14,AG,27.01
2020-04-15,AG,28.94
2020-04-16,AG,27.92
2020-04-17,AG,30.36
2020-04-18,AG,22.91
2020-04-19,AG,19.33
2020-04-20,AG,27.24
2020-04-21,AG,27.82
2020-04-22,AG,25.92
2020-04-23,AG,32.28
2020-04-24,AG,33.23
2020-04-25,AG,25.29
2020-04-26,AG,19.71
2020-04-27,AG,31.72
2020-04-28,AG,29.75
2020-04-29,AG,32.78
2020-04-30,AG,32.18
2020-05-01,AG,27.34
2020-05-02,AG,22.35
2020-05-03,AG,22.14
2020-05-04,AG,32.74
2020-05-05,AG,31.92
2020-05-06,AG,35.07
2020-05-07,AG,38.01
2020-05-08,AG,38.55
2020-05-09,AG,29.42
2020-05-10,AG,25.39
2020-05-11,AG,31.95
2020-05-12,AG,34.93
2020-05-13,AG,28.44
2020-05-14,AG,29.16
2020-05-15,AG,38.91
2020-05-16,AG,32.38
2020-05-17,AG,31.27
2020-05-18,AG,39.64
2020-05-19,AG,41.85
2020-05-20,AG,47.65
2020-05-21,AG,41.23
2020-05-22,AG,43.2
2020-05-23,AG,29.27
2020-05-24,AG,30.17
2020-05-25,AG,40.13
2020-05-26,AG,42.47
2020-05-27,AG,43.05
2020-05-28,AG,40.91
2020-05-29,AG,46.5
2020-05-30,AG,39.29
2020-05-31,AG,38.65
2020-06-01,AG,36.35
2020-02-01,AI,37.19
2020-02-02,AI,26.41
2020-02-03,AI,33.99
2020-02-04,AI,34.12
2020-02-05,AI,34.69
2020-02-06,AI,40.64
2020-02-07,AI,41.92
2020-02-08,AI,40.54
2020-02-09,AI,38.51
2020-02-10,AI,32.02
2020-02-11,AI,32.54
2020-02-12,AI,36.41
2020-02-13,AI,38.02
2020-02-14,AI,38.15
2020-02-15,AI,37.89
2020-02-16,AI,34.81
2020-02-17,AI,34.75
2020-02-18,AI,37.94
2020-02-19,AI,35.57
2020-02-20,AI,36.48
2020-02-21,AI,41.51
2020-02-22,AI,33.21
2020-02-23,AI,34.56
2020-02-24,AI,38.61
2020-02-25,AI,39.82
2020-02-26,AI,36.68
2020-02-27,AI,37.36
2020-02-28,AI,41.65
2020-02-29,AI,34.8
2020-03-01,AI,32.93
2020-03-02,AI,35.12
2020-03-03,AI,35.45
2020-03-04,AI,37.78
2020-03-05,AI,36.96
2020-03-06,AI,37.47
2020-03-07,AI,34.1
2020-03-08,AI,35.92
2020-03-09,AI,33.64
2020-03-10,AI,34.42
2020-03-11,AI,36.23
2020-03-12,AI,37.49
2020-03-13,AI,35.73
2020-03-14,AI,28.12
2020-03-15,AI,29.01
2020-03-16,AI,31.22
2020-03-17,AI,25.7
2020-03-18,AI,26.58
2020-03-19,AI,26.4
2020-03-20,AI,25.22
2020-03-21,AI,13.83
2020-03-22,AI,11.25
2020-03-23,AI,21.13
2020-03-24,AI,21.82
2020-03-25,AI,21.97
2020-03-26,AI,20.82
2020-03-27,AI,23.35
2020-03-28,AI,20.34
2020-03-29,AI,11.71
2020-03-30,AI,18.49
2020-03-31,AI,20.67
2020-04-01,AI,23.16
2020-04-02,AI,24.19
2020-04-03,AI,23.21
2020-04-04,AI,19.51
2020-04-05,AI,19.18
2020-04-06,AI,24.35
2020-04-07,AI,22.57
2020-04-08,AI,27.65
2020-04-09,AI,27.9
2020-04-10,AI,20.35
2020-04-11,AI,22.71
2020-04-12,AI,20.64
2020-04-13,AI,22.87
2020-04-14,AI,23.62
2020-04-15,AI,25.53
2020-04-16,AI,27.63
2020-04-17,AI,28.75
2020-04-18,AI,23.89
2020-04-19,AI,23.67
2020-04-20,AI,25.2
2020-04-21,AI,26.25
2020-04-22,AI,25.87
2020-04-23,AI,31.72
2020-04-24,AI,31.87
2020-04-25,AI,23.72
2020-04-26,AI,23.26
2020-04-27,AI,29.43
2020-04-28,AI,27.65
2020-04-29,AI,29.07
2020-04-30,AI,28.73
2020-05-01,AI,26.83
2020-05-02,AI,22.38
2020-05-03,AI,29.02
2020-05-04,AI,30.17
2020-05-05,AI,28.41
2020-05-06,AI,34.16
2020-05-07,AI,39.13
2020-05-08,AI,40.45
2020-05-09,AI,33.31
2020-05-10,AI,31.6
2020-05-11,AI,30.31
2020-05-12,AI,32.35
2020-05-13,AI,29.63
2020-05-14,AI,31.29
2020-05-15,AI,38.06
2020-05-16,AI,33.52
2020-05-17,AI,43.3
2020-05-18,AI,44.96
2020-05-19,AI,42.14
2020-05-20,AI,50.63
2020-05-21,AI,56.42
2020-05-22,AI,58.21
2020-05-23,AI,44.59
2020-05-24,AI,48.23
2020-05-25,AI,46.51
2020-05-26,AI,50.46
2020-05-27,AI,50.31
2020-05-28,AI,47.47
2020-05-29,AI,52.68
2020-05-30,AI,51.95
2020-05-31,AI,57.67
2020-06-01,AI,64.16
2020-02-01,AR,41.15
2020-02-02,AR,26.7
2020-02-03,AR,37.42
2020-02-04,AR,38.14
2020-02-05,AR,40.29
2020-02-06,AR,44.22
2020-02-07,AR,47.91
2020-02-08,AR,44.63
2020-02-09,AR,38.68
2020-02-10,AR,34.86
2020-02-11,AR,38.73
2020-02-12,AR,41.5
2020-02-13,AR,42.27
2020-02-14,AR,46.4
2020-02-15,AR,44.29
2020-02-16,AR,36.1
2020-02-17,AR,39.13
2020-02-18,AR,42.33
2020-02-19,AR,42.53
2020-02-20,AR,44.44
2020-02-21,AR,46.04
2020-02-22,AR,46.6
2020-02-23,AR,30.35
2020-02-24,AR,41.12
2020-02-25,AR,42.23
2020-02-26,AR,39.52
2020-02-27,AR,41.21
2020-02-28,AR,46.43
2020-02-29,AR,38.78
2020-03-01,AR,33.83
2020-03-02,AR,38.5
2020-03-03,AR,40.35
2020-03-04,AR,43.23
2020-03-05,AR,40.18
2020-03-06,AR,45.18
2020-03-07,AR,38.06
2020-03-08,AR,37.92
2020-03-09,AR,38.78
2020-03-10,AR,38.52
2020-03-11,AR,41.12
2020-03-12,AR,41.88
2020-03-13,AR,42.49
2020-03-14,AR,32.12
2020-03-15,AR,31.85
2020-03-16,AR,35.52
2020-03-17,AR,30.5
2020-03-18,AR,31.33
2020-03-19,AR,29.98
2020-03-20,AR,28.55
2020-03-21,AR,16.21
2020-03-22,AR,13.45
2020-03-23,AR,25.02
2020-03-24,AR,25.07
2020-03-25,AR,25.34
2020-03-26,AR,25.12
2020-03-27,AR,27.96
2020-03-28,AR,23.34
2020-03-29,AR,12.94
2020-03-30,AR,22.15
2020-03-31,AR,25.68
2020-04-01,AR,26.67
2020-04-02,AR,27.3
2020-04-03,AR,28.24
2020-04-04,AR,22.55
2020-04-05,AR,20.44
2020-04-06,AR,27.43
2020-04-07,AR,25.37
2020-04-08,AR,30.71
2020-04-09,AR,31.04
2020-04-10,AR,22.43
2020-04-11,AR,24.74
2020-04-12,AR,22.22
2020-04-13,AR,21.12
2020-04-14,AR,27.46
2020-04-15,AR,30.03
2020-04-16,AR,29.09
2020-04-17,AR,33.22
2020-04-18,AR,27.34
2020-04-19,AR,24.16
2020-04-20,AR,27.74
2020-04-21,AR,30.11
2020-04-22,AR,29.22
2020-04-23,AR,33.87
2020-04-24,AR,34.78
2020-04-25,AR,28.28
2020-04-26,AR,22.83
2020-04-27,AR,33.04
2020-04-28,AR,29.68
2020-04-29,AR,33.57
2020-04-30,AR,32.8
2020-05-01,AR,31.81
2020-05-02,AR,26.18
2020-05-03,AR,30.46
2020-05-04,AR,34.54
2020-05-05,AR,32.21
2020-05-06,AR,38.94
2020-05-07,AR,42.56
2020-05-08,AR,42.66
2020-05-09,AR,34.86
2020-05-10,AR,31.14
2020-05-11,AR,32.9
2020-05-12,AR,36.24
2020-05-13,AR,32.16
2020-05-14,AR,33.52
2020-05-15,AR,42.24
2020-05-16,AR,36.47
2020-05-17,AR,39.05
2020-05-18,AR,43.4
2020-05-19,AR,40.12
2020-05-20,AR,45.35
2020-05-21,AR,47
2020-05-22,AR,48.81
2020-05-23,AR,36.41
2020-05-24,AR,37.23
2020-05-25,AR,44.21
2020-05-26,AR,46.96
2020-05-27,AR,52.44
2020-05-28,AR,47.42
2020-05-29,AR,55.66
2020-05-30,AR,49.52
2020-05-31,AR,50.75
2020-06-01,AR,50.54
2020-02-01,BE,44.25
2020-02-02,BE,31.37
2020-02-03,BE,39.83
2020-02-04,BE,40.21
2020-02-05,BE,43.42
2020-02-06,BE,46.54
2020-02-07,BE,51.44
2020-02-08,BE,48.69
2020-02-09,BE,41.7
2020-02-10,BE,35.81
2020-02-11,BE,40.2
2020-02-12,BE,44.14
2020-02-13,BE,44.76
2020-02-14,BE,49.86
2020-02-15,BE,49.39
2020-02-16,BE,39.63
2020-02-17,BE,40.91
2020-02-18,BE,45.53
2020-02-19,BE,43.14
2020-02-20,BE,48.52
2020-02-21,BE,50.81
2020-02-22,BE,49.41
2020-02-23,BE,37.72
2020-02-24,BE,44.72
2020-02-25,BE,43.09
2020-02-26,BE,41.9
2020-02-27,BE,42.64
2020-02-28,BE,48.59
2020-02-29,BE,39.47
2020-03-01,BE,36.01
2020-03-02,BE,39.17
2020-03-03,BE,41.62
2020-03-04,BE,44.44
2020-03-05,BE,41.77
2020-03-06,BE,45.5
2020-03-07,BE,39.99
2020-03-08,BE,40.04
2020-03-09,BE,39.45
2020-03-10,BE,39.74
2020-03-11,BE,43.09
2020-03-12,BE,42.03
2020-03-13,BE,42.53
2020-03-14,BE,31.84
2020-03-15,BE,31.82
2020-03-16,BE,34.09
2020-03-17,BE,28.8
2020-03-18,BE,28.62
2020-03-19,BE,27.71
2020-03-20,BE,26.04
2020-03-21,BE,17.17
2020-03-22,BE,11.69
2020-03-23,BE,22.44
2020-03-24,BE,23.18
2020-03-25,BE,22.9
2020-03-26,BE,23.09
2020-03-27,BE,25
2020-03-28,BE,21.38
2020-03-29,BE,12.36
2020-03-30,BE,20.69
2020-03-31,BE,23.15
2020-04-01,BE,24.85
2020-04-02,BE,25.2
2020-04-03,BE,26.15
2020-04-04,BE,21.06
2020-04-05,BE,20.01
2020-04-06,BE,25.33
2020-04-07,BE,21.11
2020-04-08,BE,28.09
2020-04-09,BE,29.12
2020-04-10,BE,22.04
2020-04-11,BE,24.61
2020-04-12,BE,21.32
2020-04-13,BE,21.29
2020-04-14,BE,26.19
2020-04-15,BE,28.68
2020-04-16,BE,26.97
2020-04-17,BE,30.72
2020-04-18,BE,25.21
2020-04-19,BE,22.32
2020-04-20,BE,26.39
2020-04-21,BE,27.38
2020-04-22,BE,24.91
2020-04-23,BE,32.44
2020-04-24,BE,33.3
2020-04-25,BE,26.68
2020-04-26,BE,20.77
2020-04-27,BE,30.66
2020-04-28,BE,27.4
2020-04-29,BE,32.72
2020-04-30,BE,30.46
2020-05-01,BE,30.19
2020-05-02,BE,24.22
2020-05-03,BE,25.98
2020-05-04,BE,34.12
2020-05-05,BE,31.07
2020-05-06,BE,34.6
2020-05-07,BE,39.15
2020-05-08,BE,39.98
2020-05-09,BE,34.2
2020-05-10,BE,30.91
2020-05-11,BE,30.98
2020-05-12,BE,33.98
2020-05-13,BE,28.03
2020-05-14,BE,30.05
2020-05-15,BE,39.09
2020-05-16,BE,34.81
2020-05-17,BE,38.35
2020-05-18,BE,40.48
2020-05-19,BE,42.31
2020-05-20,BE,45.49
2020-05-21,BE,46.06
2020-05-22,BE,46.77
2020-05-23,BE,32.79
2020-05-24,BE,39.92
2020-05-25,BE,40.82
2020-05-26,BE,42.67
2020-05-27,BE,44.84
2020-05-28,BE,43.25
2020-05-29,BE,48.65
2020-05-30,BE,44.16
2020-05-31,BE,47.78
2020-06-01,BE,48.7
2020-02-01,BL,32.56
2020-02-02,BL,22.24
2020-02-03,BL,33.3
2020-02-04,BL,34.7
2020-02-05,BL,36.08
2020-02-06,BL,38.08
2020-02-07,BL,41.32
2020-02-08,BL,35.87
2020-02-09,BL,27.29
2020-02-10,BL,30.22
2020-02-11,BL,33.94
2020-02-12,BL,37
2020-02-13,BL,38.06
2020-02-14,BL,41.14
2020-02-15,BL,36.67
2020-02-16,BL,27.76
2020-02-17,BL,33.88
2020-02-18,BL,37.12
2020-02-19,BL,36.92
2020-02-20,BL,39.35
2020-02-21,BL,42.14
2020-02-22,BL,43
2020-02-23,BL,27.26
2020-02-24,BL,37.27
2020-02-25,BL,36.49
2020-02-26,BL,36.29
2020-02-27,BL,37.93
2020-02-28,BL,40.51
2020-02-29,BL,36.26
2020-03-01,BL,26.53
2020-03-02,BL,31.48
2020-03-03,BL,34.48
2020-03-04,BL,37.85
2020-03-05,BL,34.82
2020-03-06,BL,36.62
2020-03-07,BL,31.12
2020-03-08,BL,25.84
2020-03-09,BL,32.25
2020-03-10,BL,32.6
2020-03-11,BL,35.16
2020-03-12,BL,33.76
2020-03-13,BL,35.07
2020-03-14,BL,24.93
2020-03-15,BL,23.21
2020-03-16,BL,26.72
2020-03-17,BL,22.61
2020-03-18,BL,22.98
2020-03-19,BL,22.33
2020-03-20,BL,21.59
2020-03-21,BL,11.59
2020-03-22,BL,9.84
2020-03-23,BL,18.42
2020-03-24,BL,18.87
2020-03-25,BL,19.07
2020-03-26,BL,19.07
2020-03-27,BL,20.45
2020-03-28,BL,16.6
2020-03-29,BL,8.79
2020-03-30,BL,17.42
2020-03-31,BL,19.53
2020-04-01,BL,20.41
2020-04-02,BL,20.59
2020-04-03,BL,21.29
2020-04-04,BL,16.06
2020-04-05,BL,15.07
2020-04-06,BL,20.01
2020-04-07,BL,16.87
2020-04-08,BL,23.04
2020-04-09,BL,23.82
2020-04-10,BL,16.48
2020-04-11,BL,18.5
2020-04-12,BL,15.65
2020-04-13,BL,15.42
2020-04-14,BL,20.98
2020-04-15,BL,22.78
2020-04-16,BL,21.68
2020-04-17,BL,24.27
2020-04-18,BL,19.21
2020-04-19,BL,17.08
2020-04-20,BL,21.34
2020-04-21,BL,22.12
2020-04-22,BL,20.17
2020-04-23,BL,25.77
2020-04-24,BL,26.81
2020-04-25,BL,20.88
2020-04-26,BL,17.18
2020-04-27,BL,24.77
2020-04-28,BL,23.15
2020-04-29,BL,25.55
2020-04-30,BL,26.05
2020-05-01,BL,18.57
2020-05-02,BL,18.41
2020-05-03,BL,20.34
2020-05-04,BL,25.22
2020-05-05,BL,24.12
2020-05-06,BL,27.94
2020-05-07,BL,29.37
2020-05-08,BL,30.07
2020-05-09,BL,23.78
2020-05-10,BL,20.93
2020-05-11,BL,24.05
2020-05-12,BL,27.19
2020-05-13,BL,22.13
2020-05-14,BL,24.17
2020-05-15,BL,31.97
2020-05-16,BL,27.38
2020-05-17,BL,27.49
2020-05-18,BL,28.35
2020-05-19,BL,29.83
2020-05-20,BL,39
2020-05-21,BL,36.99
2020-05-22,BL,34.77
2020-05-23,BL,22.5
2020-05-24,BL,25.74
2020-05-25,BL,30.78
2020-05-26,BL,32.44
2020-05-27,BL,33.73
2020-05-28,BL,32.74
2020-05-29,BL,38.51
2020-05-30,BL,34.06
2020-05-31,BL,34.28
2020-06-01,BL,31.28
2020-02-01,BS,28.9
2020-02-02,BS,23.45
2020-02-03,BS,26.96
2020-02-04,BS,26.92
2020-02-05,BS,27.19
2020-02-06,BS,30.04
2020-02-07,BS,33.74
2020-02-08,BS,31.5
2020-02-09,BS,28.34
2020-02-10,BS,23.67
2020-02-11,BS,27.77
2020-02-12,BS,28.8
2020-02-13,BS,30.1
2020-02-14,BS,33.54
2020-02-15,BS,31.95
2020-02-16,BS,28.1
2020-02-17,BS,27.28
2020-02-18,BS,28.46
2020-02-19,BS,28.67
2020-02-20,BS,30.86
2020-02-21,BS,34.76
2020-02-22,BS,37.68
2020-02-23,BS,28.28
2020-02-24,BS,29.5
2020-02-25,BS,28.57
2020-02-26,BS,29.37
2020-02-27,BS,30.86
2020-02-28,BS,33.34
2020-02-29,BS,30.07
2020-03-01,BS,27.8
2020-03-02,BS,26.82
2020-03-03,BS,27.46
2020-03-04,BS,28.8
2020-03-05,BS,27.24
2020-03-06,BS,29.61
2020-03-07,BS,26.07
2020-03-08,BS,25.5
2020-03-09,BS,24.77
2020-03-10,BS,25.05
2020-03-11,BS,25.99
2020-03-12,BS,25.75
2020-03-13,BS,27.22
2020-03-14,BS,20.65
2020-03-15,BS,21.24
2020-03-16,BS,19.14
2020-03-17,BS,16.16
2020-03-18,BS,16.12
2020-03-19,BS,15.71
2020-03-20,BS,15.65
2020-03-21,BS,9.75
2020-03-22,BS,9.21
2020-03-23,BS,12.59
2020-03-24,BS,12.7
2020-03-25,BS,12.84
2020-03-26,BS,12.63
2020-03-27,BS,14.54
2020-03-28,BS,14.56
2020-03-29,BS,7.71
2020-03-30,BS,11.78
2020-03-31,BS,13.17
2020-04-01,BS,13.99
2020-04-02,BS,14.09
2020-04-03,BS,14.98
2020-04-04,BS,14.27
2020-04-05,BS,13.55
2020-04-06,BS,13.68
2020-04-07,BS,11.57
2020-04-08,BS,16.7
2020-04-09,BS,17.62
2020-04-10,BS,14.58
2020-04-11,BS,15.39
2020-04-12,BS,13.68
2020-04-13,BS,13.08
2020-04-14,BS,14.23
2020-04-15,BS,15.41
2020-04-16,BS,14.65
2020-04-17,BS,17.64
2020-04-18,BS,16.09
2020-04-19,BS,15.29
2020-04-20,BS,14.78
2020-04-21,BS,14.71
2020-04-22,BS,14
2020-04-23,BS,17.51
2020-04-24,BS,18.81
2020-04-25,BS,17.98
2020-04-26,BS,15.11
2020-04-27,BS,16.77
2020-04-28,BS,15.37
2020-04-29,BS,17.26
2020-04-30,BS,17.95
2020-05-01,BS,15.1
2020-05-02,BS,14.26
2020-05-03,BS,18.59
2020-05-04,BS,17.45
2020-05-05,BS,16.08
2020-05-06,BS,19.02
2020-05-07,BS,20.22
2020-05-08,BS,21.61
2020-05-09,BS,20.92
2020-05-10,BS,18.95
2020-05-11,BS,15.99
2020-05-12,BS,18.73
2020-05-13,BS,14.92
2020-05-14,BS,19.54
2020-05-15,BS,23.03
2020-05-16,BS,22.39
2020-05-17,BS,24.82
2020-05-18,BS,20.56
2020-05-19,BS,21.68
2020-05-20,BS,28.55
2020-05-21,BS,34.16
2020-05-22,BS,28.3
2020-05-23,BS,18.05
2020-05-24,BS,23.98
2020-05-25,BS,21.24
2020-05-26,BS,22.04
2020-05-27,BS,22.65
2020-05-28,BS,22.73
2020-05-29,BS,29.05
2020-05-30,BS,29.97
2020-05-31,BS,32.23
2020-06-01,BS,27.51
2020-02-01,CH,43.09
2020-02-02,CH,31.23
2020-02-03,CH,39.44
2020-02-04,CH,40.01
2020-02-05,CH,42.19
2020-02-06,CH,45.01
2020-02-07,CH,49.82
2020-02-08,CH,47.41
2020-02-09,CH,40.55
2020-02-10,CH,36.31
2020-02-11,CH,39.95
2020-02-12,CH,43.63
2020-02-13,CH,44.4
2020-02-14,CH,48.86
2020-02-15,CH,48.07
2020-02-16,CH,38.44
2020-02-17,CH,40.71
2020-02-18,CH,44.17
2020-02-19,CH,42.59
2020-02-20,CH,46.32
2020-02-21,CH,48.91
2020-02-22,CH,47.34
2020-02-23,CH,36.16
2020-02-24,CH,43.49
2020-02-25,CH,42.49
2020-02-26,CH,41.11
2020-02-27,CH,42.33
2020-02-28,CH,48.01
2020-02-29,CH,40.06
2020-03-01,CH,35.18
2020-03-02,CH,38.97
2020-03-03,CH,40.98
2020-03-04,CH,43.31
2020-03-05,CH,40.86
2020-03-06,CH,44.99
2020-03-07,CH,39.33
2020-03-08,CH,38.38
2020-03-09,CH,38.96
2020-03-10,CH,38.87
2020-03-11,CH,41.66
2020-03-12,CH,40.82
2020-03-13,CH,41.73
2020-03-14,CH,30.67
2020-03-15,CH,29.25
2020-03-16,CH,33.08
2020-03-17,CH,27.57
2020-03-18,CH,27.31
2020-03-19,CH,26.07
2020-03-20,CH,25.12
2020-03-21,CH,15.89
2020-03-22,CH,11.69
2020-03-23,CH,21.41
2020-03-24,CH,21.75
2020-03-25,CH,21.74
2020-03-26,CH,21.76
2020-03-27,CH,23.67
2020-03-28,CH,20.29
2020-03-29,CH,11.68
2020-03-30,CH,19.85
2020-03-31,CH,22.24
2020-04-01,CH,23.64
2020-04-02,CH,23.9
2020-04-03,CH,24.95
2020-04-04,CH,20.13
2020-04-05,CH,18.54
2020-04-06,CH,23.89
2020-04-07,CH,20.4
2020-04-08,CH,26.71
2020-04-09,CH,28.03
2020-04-10,CH,20.81
2020-04-11,CH,23.04
2020-04-12,CH,19.3
2020-04-13,CH,19.36
2020-04-14,CH,24.83
2020-04-15,CH,27.19
2020-04-16,CH,25.84
2020-04-17,CH,29.31
2020-04-18,CH,24.12
2020-04-19,CH,20.93
2020-04-20,CH,25.57
2020-04-21,CH,26.34
2020-04-22,CH,24.68
2020-04-23,CH,30.95
2020-04-24,CH,31.82
2020-04-25,CH,25.64
2020-04-26,CH,20.46
2020-04-27,CH,29.74
2020-04-28,CH,27.18
2020-04-29,CH,31.73
2020-04-30,CH,30.33
2020-05-01,CH,27.76
2020-05-02,CH,23.94
2020-05-03,CH,25.97
2020-05-04,CH,33.3
2020-05-05,CH,30.75
2020-05-06,CH,35.14
2020-05-07,CH,38.39
2020-05-08,CH,39.26
2020-05-09,CH,33.37
2020-05-10,CH,29.09
2020-05-11,CH,30.99
2020-05-12,CH,33.58
2020-05-13,CH,27.91
2020-05-14,CH,30.5
2020-05-15,CH,38.72
2020-05-16,CH,34.38
2020-05-17,CH,36.69
2020-05-18,CH,39.39
2020-05-19,CH,40.73
2020-05-20,CH,46.31
2020-05-21,CH,45.69
2020-05-22,CH,46.33
2020-05-23,CH,33.43
2020-05-24,CH,39.22
2020-05-25,CH,41.01
2020-05-26,CH,42.7
2020-05-27,CH,43.96
2020-05-28,CH,42.15
2020-05-29,CH,48.1
2020-05-30,CH,43.69
2020-05-31,CH,45
2020-06-01,CH,46.26
2020-02-01,FR,46.46
2020-02-02,FR,29.98
2020-02-03,FR,46.07
2020-02-04,FR,47.48
2020-02-05,FR,49.76
2020-02-06,FR,51.1
2020-02-07,FR,56.63
2020-02-08,FR,52.39
2020-02-09,FR,39.31
2020-02-10,FR,42.44
2020-02-11,FR,46.3
2020-02-12,FR,50.89
2020-02-13,FR,51.32
2020-02-14,FR,56.35
2020-02-15,FR,51.6
2020-02-16,FR,38.15
2020-02-17,FR,46.48
2020-02-18,FR,51.01
2020-02-19,FR,49.57
2020-02-20,FR,54.13
2020-02-21,FR,57.49
2020-02-22,FR,56.38
2020-02-23,FR,40.12
2020-02-24,FR,54.79
2020-02-25,FR,52.27
2020-02-26,FR,49.33
2020-02-27,FR,50.86
2020-02-28,FR,58.46
2020-02-29,FR,44.21
2020-03-01,FR,35.67
2020-03-02,FR,45.92
2020-03-03,FR,49.09
2020-03-04,FR,51.76
2020-03-05,FR,48.63
2020-03-06,FR,53.62
2020-03-07,FR,46.05
2020-03-08,FR,40.21
2020-03-09,FR,46.41
2020-03-10,FR,46.84
2020-03-11,FR,49.97
2020-03-12,FR,48.67
2020-03-13,FR,50.2
2020-03-14,FR,34.63
2020-03-15,FR,30.23
2020-03-16,FR,39.34
2020-03-17,FR,33.05
2020-03-18,FR,32.07
2020-03-19,FR,30.85
2020-03-20,FR,29.11
2020-03-21,FR,18.75
2020-03-22,FR,11.77
2020-03-23,FR,24.17
2020-03-24,FR,24.58
2020-03-25,FR,24.55
2020-03-26,FR,24.85
2020-03-27,FR,26.4
2020-03-28,FR,21.55
2020-03-29,FR,13.03
2020-03-30,FR,22.23
2020-03-31,FR,24.84
2020-04-01,FR,26.45
2020-04-02,FR,26.85
2020-04-03,FR,28.24
2020-04-04,FR,21.88
2020-04-05,FR,20.17
2020-04-06,FR,27.21
2020-04-07,FR,22.92
2020-04-08,FR,30.03
2020-04-09,FR,32.44
2020-04-10,FR,22.53
2020-04-11,FR,25.38
2020-04-12,FR,19.74
2020-04-13,FR,21.74
2020-04-14,FR,28.94
2020-04-15,FR,31.94
2020-04-16,FR,29.89
2020-04-17,FR,33.6
2020-04-18,FR,26.96
2020-04-19,FR,22.18
2020-04-20,FR,29.61
2020-04-21,FR,30.95
2020-04-22,FR,27.75
2020-04-23,FR,35.52
2020-04-24,FR,36.62
2020-04-25,FR,27.95
2020-04-26,FR,19.97
2020-04-27,FR,34.46
2020-04-28,FR,32.21
2020-04-29,FR,38.1
2020-04-30,FR,34.94
2020-05-01,FR,35.63
2020-05-02,FR,26.61
2020-05-03,FR,26.18
2020-05-04,FR,39.86
2020-05-05,FR,38.08
2020-05-06,FR,41.16
2020-05-07,FR,46.78
2020-05-08,FR,46.13
2020-05-09,FR,38.41
2020-05-10,FR,30.57
2020-05-11,FR,37.65
2020-05-12,FR,37.26
2020-05-13,FR,33.51
2020-05-14,FR,34.02
2020-05-15,FR,45.47
2020-05-16,FR,38.61
2020-05-17,FR,40.76
2020-05-18,FR,47.11
2020-05-19,FR,49.5
2020-05-20,FR,54.89
2020-05-21,FR,51.67
2020-05-22,FR,53.48
2020-05-23,FR,36.74
2020-05-24,FR,43.48
2020-05-25,FR,48.32
2020-05-26,FR,50.63
2020-05-27,FR,50.57
2020-05-28,FR,49.16
2020-05-29,FR,54.62
2020-05-30,FR,48.59
2020-05-31,FR,48.81
2020-06-01,FR,49.51
2020-02-01,GE,27.25
2020-02-02,GE,20.12
2020-02-03,GE,25.27
2020-02-04,GE,26.07
2020-02-05,GE,26.93
2020-02-06,GE,27.75
2020-02-07,GE,33.18
2020-02-08,GE,34.27
2020-02-09,GE,26.5
2020-02-10,GE,25.36
2020-02-11,GE,27.85
2020-02-12,GE,29.02
2020-02-13,GE,29.58
2020-02-14,GE,32.76
2020-02-15,GE,29.48
2020-02-16,GE,23
2020-02-17,GE,25.1
2020-02-18,GE,26.68
2020-02-19,GE,26.66
2020-02-20,GE,28.79
2020-02-21,GE,32.5
2020-02-22,GE,30.05
2020-02-23,GE,25.78
2020-02-24,GE,26.98
2020-02-25,GE,26.64
2020-02-26,GE,26.28
2020-02-27,GE,26.99
2020-02-28,GE,31.97
2020-02-29,GE,26.8
2020-03-01,GE,22.25
2020-03-02,GE,24.67
2020-03-03,GE,25.59
2020-03-04,GE,26.52
2020-03-05,GE,25.59
2020-03-06,GE,30.29
2020-03-07,GE,26.94
2020-03-08,GE,23.41
2020-03-09,GE,24.66
2020-03-10,GE,24.24
2020-03-11,GE,25.67
2020-03-12,GE,25.1
2020-03-13,GE,27.12
2020-03-14,GE,21.03
2020-03-15,GE,17.76
2020-03-16,GE,19.71
2020-03-17,GE,15.76
2020-03-18,GE,14.72
2020-03-19,GE,14.34
2020-03-20,GE,13.99
2020-03-21,GE,10.97
2020-03-22,GE,7.22
2020-03-23,GE,10.13
2020-03-24,GE,10.55
2020-03-25,GE,10.64
2020-03-26,GE,10.69
2020-03-27,GE,11.8
2020-03-28,GE,11.4
2020-03-29,GE,7.27
2020-03-30,GE,9.85
2020-03-31,GE,11.23
2020-04-01,GE,12.03
2020-04-02,GE,12.01
2020-04-03,GE,13.24
2020-04-04,GE,12.25
2020-04-05,GE,10.77
2020-04-06,GE,11.99
2020-04-07,GE,10.27
2020-04-08,GE,13.85
2020-04-09,GE,15.43
2020-04-10,GE,12.62
2020-04-11,GE,13.68
2020-04-12,GE,10.9
2020-04-13,GE,10.45
2020-04-14,GE,12.98
2020-04-15,GE,14.36
2020-04-16,GE,13.53
2020-04-17,GE,15.72
2020-04-18,GE,14.54
2020-04-19,GE,10.71
2020-04-20,GE,13.45
2020-04-21,GE,13.77
2020-04-22,GE,13.32
2020-04-23,GE,16.68
2020-04-24,GE,17.46
2020-04-25,GE,15.32
2020-04-26,GE,11.3
2020-04-27,GE,15.76
2020-04-28,GE,14.82
2020-04-29,GE,18.33
2020-04-30,GE,16.72
2020-05-01,GE,16.41
2020-05-02,GE,14.37
2020-05-03,GE,14.54
2020-05-04,GE,19.63
2020-05-05,GE,17.39
2020-05-06,GE,20.43
2020-05-07,GE,21.55
2020-05-08,GE,22.9
2020-05-09,GE,22.11
2020-05-10,GE,15.67
2020-05-11,GE,17.78
2020-05-12,GE,19.65
2020-05-13,GE,15.89
2020-05-14,GE,19.27
2020-05-15,GE,23.39
2020-05-16,GE,22.99
2020-05-17,GE,22.87
2020-05-18,GE,22.34
2020-05-19,GE,21.26
2020-05-20,GE,25.56
2020-05-21,GE,30.53
2020-05-22,GE,26.68
2020-05-23,GE,19.87
2020-05-24,GE,24.7
2020-05-25,GE,23.53
2020-05-26,GE,24.21
2020-05-27,GE,26.88
2020-05-28,GE,26.71
2020-05-29,GE,32.7
2020-05-30,GE,34.13
2020-05-31,GE,32.82
2020-06-01,GE,29.11
2020-02-01,GL,44.63
2020-02-02,GL,29.97
2020-02-03,GL,39.58
2020-02-04,GL,37.97
2020-02-05,GL,39.57
2020-02-06,GL,43.38
2020-02-07,GL,47.21
2020-02-08,GL,47.04
2020-02-09,GL,40
2020-02-10,GL,36.11
2020-02-11,GL,37.11
2020-02-12,GL,40.81
2020-02-13,GL,43.42
2020-02-14,GL,47.16
2020-02-15,GL,45.7
2020-02-16,GL,36.75
2020-02-17,GL,40.3
2020-02-18,GL,42.34
2020-02-19,GL,41.3
2020-02-20,GL,44.8
2020-02-21,GL,47.01
2020-02-22,GL,46.11
2020-02-23,GL,32.42
2020-02-24,GL,44.62
2020-02-25,GL,42.31
2020-02-26,GL,40.23
2020-02-27,GL,41.31
2020-02-28,GL,44.36
2020-02-29,GL,39.28
2020-03-01,GL,35.21
2020-03-02,GL,40.48
2020-03-03,GL,41.09
2020-03-04,GL,43.06
2020-03-05,GL,41.22
2020-03-06,GL,45.59
2020-03-07,GL,38.84
2020-03-08,GL,38
2020-03-09,GL,40.45
2020-03-10,GL,39.83
2020-03-11,GL,42.32
2020-03-12,GL,43
2020-03-13,GL,41.9
2020-03-14,GL,30.22
2020-03-15,GL,29.67
2020-03-16,GL,35.78
2020-03-17,GL,29.9
2020-03-18,GL,29.06
2020-03-19,GL,27.09
2020-03-20,GL,26.97
2020-03-21,GL,15.25
2020-03-22,GL,11.06
2020-03-23,GL,24.71
2020-03-24,GL,24.28
2020-03-25,GL,24.01
2020-03-26,GL,23.93
2020-03-27,GL,26.45
2020-03-28,GL,18.93
2020-03-29,GL,11.53
2020-03-30,GL,23.13
2020-03-31,GL,24.79
2020-04-01,GL,26.64
2020-04-02,GL,28.11
2020-04-03,GL,26.9
2020-04-04,GL,19.3
2020-04-05,GL,17.4
2020-04-06,GL,26.46
2020-04-07,GL,22.38
2020-04-08,GL,28.13
2020-04-09,GL,29.48
2020-04-10,GL,18.88
2020-04-11,GL,21.75
2020-04-12,GL,17.95
2020-04-13,GL,19
2020-04-14,GL,27.34
2020-04-15,GL,29.08
2020-04-16,GL,28.76
2020-04-17,GL,33.04
2020-04-18,GL,23.42
2020-04-19,GL,20.14
2020-04-20,GL,27.82
2020-04-21,GL,28.84
2020-04-22,GL,26.1
2020-04-23,GL,32.58
2020-04-24,GL,33.92
2020-04-25,GL,24.74
2020-04-26,GL,20.86
2020-04-27,GL,32.95
2020-04-28,GL,31.22
2020-04-29,GL,31.71
2020-04-30,GL,32.33
2020-05-01,GL,29.8
2020-05-02,GL,22.95
2020-05-03,GL,24.5
2020-05-04,GL,34.02
2020-05-05,GL,32.02
2020-05-06,GL,35.97
2020-05-07,GL,39.44
2020-05-08,GL,39.99
2020-05-09,GL,30.69
2020-05-10,GL,29.02
2020-05-11,GL,33.94
2020-05-12,GL,34.82
2020-05-13,GL,26.41
2020-05-14,GL,25.74
2020-05-15,GL,34.62
2020-05-16,GL,28.57
2020-05-17,GL,33.96
2020-05-18,GL,42.5
2020-05-19,GL,42.7
2020-05-20,GL,52.48
2020-05-21,GL,45.28
2020-05-22,GL,49.49
2020-05-23,GL,36.96
2020-05-24,GL,38.3
2020-05-25,GL,45.91
2020-05-26,GL,48.08
2020-05-27,GL,43.48
2020-05-28,GL,40.81
2020-05-29,GL,47.33
2020-05-30,GL,39.75
2020-05-31,GL,37.97
2020-06-01,GL,44.81
2020-02-01,GR,58.28
2020-02-02,GR,56.29
2020-02-03,GR,38.14
2020-02-04,GR,30.63
2020-02-05,GR,32.59
2020-02-06,GR,42.57
2020-02-07,GR,54.72
2020-02-08,GR,62.58
2020-02-09,GR,71.19
2020-02-10,GR,33.82
2020-02-11,GR,32.82
2020-02-12,GR,38.25
2020-02-13,GR,42.61
2020-02-14,GR,46.07
2020-02-15,GR,61.1
2020-02-16,GR,64.31
2020-02-17,GR,42.64
2020-02-18,GR,42.9
2020-02-19,GR,36.64
2020-02-20,GR,44.21
2020-02-21,GR,51.49
2020-02-22,GR,63.87
2020-02-23,GR,59.22
2020-02-24,GR,46
2020-02-25,GR,43.97
2020-02-26,GR,36.63
2020-02-27,GR,38.51
2020-02-28,GR,49.8
2020-02-29,GR,50.98
2020-03-01,GR,62.5
2020-03-02,GR,39.19
2020-03-03,GR,35.66
2020-03-04,GR,42.05
2020-03-05,GR,36.28
2020-03-06,GR,45.4
2020-03-07,GR,45.34
2020-03-08,GR,75.15
2020-03-09,GR,41.02
2020-03-10,GR,34.66
2020-03-11,GR,39.11
2020-03-12,GR,42.59
2020-03-13,GR,42.54
2020-03-14,GR,37.65
2020-03-15,GR,47.91
2020-03-16,GR,34.98
2020-03-17,GR,27.15
2020-03-18,GR,26.08
2020-03-19,GR,24.91
2020-03-20,GR,26.43
2020-03-21,GR,18.17
2020-03-22,GR,16.38
2020-03-23,GR,21.05
2020-03-24,GR,20.77
2020-03-25,GR,20.48
2020-03-26,GR,20.1
2020-03-27,GR,22.88
2020-03-28,GR,20.02
2020-03-29,GR,18.03
2020-03-30,GR,18.53
2020-03-31,GR,20.83
2020-04-01,GR,22.45
2020-04-02,GR,22.88
2020-04-03,GR,23.9
2020-04-04,GR,20.93
2020-04-05,GR,23.52
2020-04-06,GR,23.64
2020-04-07,GR,19.11
2020-04-08,GR,25.21
2020-04-09,GR,26.97
2020-04-10,GR,20.11
2020-04-11,GR,22.7
2020-04-12,GR,20.84
2020-04-13,GR,24.69
2020-04-14,GR,24.47
2020-04-15,GR,25.82
2020-04-16,GR,24.31
2020-04-17,GR,28.71
2020-04-18,GR,24.58
2020-04-19,GR,27.06
2020-04-20,GR,25.95
2020-04-21,GR,26.13
2020-04-22,GR,24.01
2020-04-23,GR,31.01
2020-04-24,GR,31.81
2020-04-25,GR,24.46
2020-04-26,GR,28.25
2020-04-27,GR,29.83
2020-04-28,GR,27.93
2020-04-29,GR,30.78
2020-04-30,GR,26.68
2020-05-01,GR,31.45
2020-05-02,GR,27.06
2020-05-03,GR,38.87
2020-05-04,GR,34.77
2020-05-05,GR,30.81
2020-05-06,GR,35.24
2020-05-07,GR,40.73
2020-05-08,GR,42.53
2020-05-09,GR,37.36
2020-05-10,GR,40.8
2020-05-11,GR,33.34
2020-05-12,GR,35.3
2020-05-13,GR,29.13
2020-05-14,GR,33.25
2020-05-15,GR,41.1
2020-05-16,GR,34.66
2020-05-17,GR,45.61
2020-05-18,GR,42.49
2020-05-19,GR,42.67
2020-05-20,GR,47.95
2020-05-21,GR,46.56
2020-05-22,GR,53.09
2020-05-23,GR,47.66
2020-05-24,GR,67.44
2020-05-25,GR,48.22
2020-05-26,GR,47.82
2020-05-27,GR,46.49
2020-05-28,GR,42.71
2020-05-29,GR,48.75
2020-05-30,GR,41.98
2020-05-31,GR,48.55
2020-06-01,GR,71.42
2020-02-01,JU,38.52
2020-02-02,JU,50.97
2020-02-03,JU,41.03
2020-02-04,JU,40.48
2020-02-05,JU,42.13
2020-02-06,JU,42.6
2020-02-07,JU,48.68
2020-02-08,JU,42.08
2020-02-09,JU,34.91
2020-02-10,JU,37.13
2020-02-11,JU,40.47
2020-02-12,JU,43.55
2020-02-13,JU,44.11
2020-02-14,JU,51.29
2020-02-15,JU,50.76
2020-02-16,JU,38.85
2020-02-17,JU,42.74
2020-02-18,JU,45.08
2020-02-19,JU,45.68
2020-02-20,JU,48.68
2020-02-21,JU,48.23
2020-02-22,JU,39.47
2020-02-23,JU,32.87
2020-02-24,JU,41.79
2020-02-25,JU,40.75
2020-02-26,JU,41.47
2020-02-27,JU,41.12
2020-02-28,JU,47.1
2020-02-29,JU,39.14
2020-03-01,JU,32.22
2020-03-02,JU,39.79
2020-03-03,JU,41.85
2020-03-04,JU,42.95
2020-03-05,JU,42.27
2020-03-06,JU,45.91
2020-03-07,JU,38.56
2020-03-08,JU,34.13
2020-03-09,JU,42.74
2020-03-10,JU,41.01
2020-03-11,JU,42.23
2020-03-12,JU,40.91
2020-03-13,JU,43.73
2020-03-14,JU,27.88
2020-03-15,JU,27.18
2020-03-16,JU,31.2
2020-03-17,JU,27.44
2020-03-18,JU,25.87
2020-03-19,JU,24.26
2020-03-20,JU,23.5
2020-03-21,JU,12.44
2020-03-22,JU,10.48
2020-03-23,JU,19.24
2020-03-24,JU,19.23
2020-03-25,JU,20.07
2020-03-26,JU,19.98
2020-03-27,JU,21.08
2020-03-28,JU,16.91
2020-03-29,JU,9.65
2020-03-30,JU,18.03
2020-03-31,JU,19.67
2020-04-01,JU,20.94
2020-04-02,JU,21.24
2020-04-03,JU,22.4
2020-04-04,JU,16.89
2020-04-05,JU,16.59
2020-04-06,JU,22.36
2020-04-07,JU,18.66
2020-04-08,JU,24.99
2020-04-09,JU,26.45
2020-04-10,JU,17.85
2020-04-11,JU,19.42
2020-04-12,JU,15.99
2020-04-13,JU,18.58
2020-04-14,JU,24.39
2020-04-15,JU,27.09
2020-04-16,JU,24.11
2020-04-17,JU,27.73
2020-04-18,JU,21.05
2020-04-19,JU,20.99
2020-04-20,JU,25.61
2020-04-21,JU,25.68
2020-04-22,JU,23.05
2020-04-23,JU,30.01
2020-04-24,JU,30.37
2020-04-25,JU,23.37
2020-04-26,JU,19.93
2020-04-27,JU,29.39
2020-04-28,JU,28.48
2020-04-29,JU,31.66
2020-04-30,JU,32.35
2020-05-01,JU,23.72
2020-05-02,JU,21.95
2020-05-03,JU,23.3
2020-05-04,JU,31.75
2020-05-05,JU,30.89
2020-05-06,JU,34.15
2020-05-07,JU,37.72
2020-05-08,JU,37.87
2020-05-09,JU,29.68
2020-05-10,JU,26.67
2020-05-11,JU,31.26
2020-05-12,JU,34.75
2020-05-13,JU,29
2020-05-14,JU,27.3
2020-05-15,JU,34.91
2020-05-16,JU,29.46
2020-05-17,JU,32.03
2020-05-18,JU,38
2020-05-19,JU,41.35
2020-05-20,JU,47.08
2020-05-21,JU,42.77
2020-05-22,JU,45.54
2020-05-23,JU,32.34
2020-05-24,JU,36.2
2020-05-25,JU,40.53
2020-05-26,JU,41.61
2020-05-27,JU,42.97
2020-05-28,JU,41.33
2020-05-29,JU,46.44
2020-05-30,JU,41.24
2020-05-31,JU,40.34
2020-06-01,JU,44.2
2020-02-01,LU,40.89
2020-02-02,LU,28.65
2020-02-03,LU,40.34
2020-02-04,LU,41.63
2020-02-05,LU,43.6
2020-02-06,LU,46.53
2020-02-07,LU,50.72
2020-02-08,LU,45.18
2020-02-09,LU,38.68
2020-02-10,LU,36.99
2020-02-11,LU,40.97
2020-02-12,LU,45.08
2020-02-13,LU,45.43
2020-02-14,LU,49.27
2020-02-15,LU,49.39
2020-02-16,LU,37.81
2020-02-17,LU,43.37
2020-02-18,LU,47.83
2020-02-19,LU,45.43
2020-02-20,LU,45.57
2020-02-21,LU,46.93
2020-02-22,LU,43.54
2020-02-23,LU,31.23
2020-02-24,LU,43.52
2020-02-25,LU,41.3
2020-02-26,LU,42.28
2020-02-27,LU,45.06
2020-02-28,LU,50.07
2020-02-29,LU,39.45
2020-03-01,LU,34.55
2020-03-02,LU,40.44
2020-03-03,LU,42.6
2020-03-04,LU,45.2
2020-03-05,LU,42.57
2020-03-06,LU,45.62
2020-03-07,LU,38.96
2020-03-08,LU,37.31
2020-03-09,LU,40.25
2020-03-10,LU,40.86
2020-03-11,LU,44.09
2020-03-12,LU,43.41
2020-03-13,LU,43.08
2020-03-14,LU,31.24
2020-03-15,LU,31.64
2020-03-16,LU,36.25
2020-03-17,LU,30.94
2020-03-18,LU,31.08
2020-03-19,LU,29.93
2020-03-20,LU,27.82
2020-03-21,LU,16.32
2020-03-22,LU,11.44
2020-03-23,LU,24.58
2020-03-24,LU,25.37
2020-03-25,LU,25.1
2020-03-26,LU,25.48
2020-03-27,LU,27.12
2020-03-28,LU,23.47
2020-03-29,LU,12.13
2020-03-30,LU,22.59
2020-03-31,LU,25.67
2020-04-01,LU,27.21
2020-04-02,LU,27.54
2020-04-03,LU,28.25
2020-04-04,LU,22.42
2020-04-05,LU,20.73
2020-04-06,LU,27.63
2020-04-07,LU,23.54
2020-04-08,LU,30.25
2020-04-09,LU,31.6
2020-04-10,LU,23.65
2020-04-11,LU,26.55
2020-04-12,LU,21.39
2020-04-13,LU,21.54
2020-04-14,LU,27.56
2020-04-15,LU,31.19
2020-04-16,LU,29.42
2020-04-17,LU,33.19
2020-04-18,LU,26.91
2020-04-19,LU,23.67
2020-04-20,LU,28.66
2020-04-21,LU,30.27
2020-04-22,LU,29
2020-04-23,LU,35.86
2020-04-24,LU,36.15
2020-04-25,LU,28.55
2020-04-26,LU,21.61
2020-04-27,LU,32.88
2020-04-28,LU,29.49
2020-04-29,LU,34.12
2020-04-30,LU,32.48
2020-05-01,LU,32.17
2020-05-02,LU,24.94
2020-05-03,LU,27.63
2020-05-04,LU,36.57
2020-05-05,LU,31.95
2020-05-06,LU,36.44
2020-05-07,LU,41.33
2020-05-08,LU,42.76
2020-05-09,LU,35.38
2020-05-10,LU,30.1
2020-05-11,LU,32.69
2020-05-12,LU,33.66
2020-05-13,LU,29.76
2020-05-14,LU,31.13
2020-05-15,LU,40.33
2020-05-16,LU,35.64
2020-05-17,LU,39.88
2020-05-18,LU,43.03
2020-05-19,LU,45.01
2020-05-20,LU,49.48
2020-05-21,LU,51.18
2020-05-22,LU,49.53
2020-05-23,LU,33.23
2020-05-24,LU,37.52
2020-05-25,LU,43.34
2020-05-26,LU,45.78
2020-05-27,LU,46.45
2020-05-28,LU,43.5
2020-05-29,LU,49.66
2020-05-30,LU,44.5
2020-05-31,LU,48.03
2020-06-01,LU,47.54
2020-02-01,NE,45.58
2020-02-02,NE,30.17
2020-02-03,NE,42.83
2020-02-04,NE,43.77
2020-02-05,NE,46.56
2020-02-06,NE,47.93
2020-02-07,NE,53.62
2020-02-08,NE,50.35
2020-02-09,NE,36.35
2020-02-10,NE,39.02
2020-02-11,NE,42.88
2020-02-12,NE,46.45
2020-02-13,NE,46.19
2020-02-14,NE,52.09
2020-02-15,NE,50.95
2020-02-16,NE,36.58
2020-02-17,NE,42.42
2020-02-18,NE,45.33
2020-02-19,NE,44.91
2020-02-20,NE,49.67
2020-02-21,NE,54.01
2020-02-22,NE,57.29
2020-02-23,NE,40.09
2020-02-24,NE,49.63
2020-02-25,NE,46.86
2020-02-26,NE,45.24
2020-02-27,NE,45.83
2020-02-28,NE,52.58
2020-02-29,NE,42.4
2020-03-01,NE,33.23
2020-03-02,NE,42.04
2020-03-03,NE,45.23
2020-03-04,NE,46.9
2020-03-05,NE,44.57
2020-03-06,NE,50.01
2020-03-07,NE,44.35
2020-03-08,NE,37.22
2020-03-09,NE,41.78
2020-03-10,NE,42.6
2020-03-11,NE,45.56
2020-03-12,NE,43.6
2020-03-13,NE,45.94
2020-03-14,NE,34.75
2020-03-15,NE,31.78
2020-03-16,NE,34.72
2020-03-17,NE,29.95
2020-03-18,NE,30.01
2020-03-19,NE,28.5
2020-03-20,NE,26
2020-03-21,NE,20.11
2020-03-22,NE,12.96
2020-03-23,NE,22.03
2020-03-24,NE,22.95
2020-03-25,NE,23.69
2020-03-26,NE,23.5
2020-03-27,NE,25.49
2020-03-28,NE,23.93
2020-03-29,NE,14.63
2020-03-30,NE,19.8
2020-03-31,NE,23.02
2020-04-01,NE,25.19
2020-04-02,NE,25.64
2020-04-03,NE,27.09
2020-04-04,NE,24.42
2020-04-05,NE,23.1
2020-04-06,NE,25.88
2020-04-07,NE,22.72
2020-04-08,NE,30.05
2020-04-09,NE,31.1
2020-04-10,NE,25.97
2020-04-11,NE,28.03
2020-04-12,NE,22.86
2020-04-13,NE,23.83
2020-04-14,NE,28.09
2020-04-15,NE,32.33
2020-04-16,NE,29.92
2020-04-17,NE,33.64
2020-04-18,NE,28.28
2020-04-19,NE,24.33
2020-04-20,NE,29.25
2020-04-21,NE,29.53
2020-04-22,NE,28.67
2020-04-23,NE,36.24
2020-04-24,NE,35.72
2020-04-25,NE,28.65
2020-04-26,NE,20.77
2020-04-27,NE,32.14
2020-04-28,NE,29.8
2020-04-29,NE,36.57
2020-04-30,NE,33.8
2020-05-01,NE,27.54
2020-05-02,NE,28.61
2020-05-03,NE,30.21
2020-05-04,NE,39.36
2020-05-05,NE,39.96
2020-05-06,NE,39.59
2020-05-07,NE,45.19
2020-05-08,NE,46.41
2020-05-09,NE,43.05
2020-05-10,NE,34.06
2020-05-11,NE,34.51
2020-05-12,NE,39.83
2020-05-13,NE,31.48
2020-05-14,NE,33.67
2020-05-15,NE,40.91
2020-05-16,NE,41.43
2020-05-17,NE,43.41
2020-05-18,NE,46.63
2020-05-19,NE,50.83
2020-05-20,NE,57.63
2020-05-21,NE,57.67
2020-05-22,NE,59.48
2020-05-23,NE,39.88
2020-05-24,NE,46.22
2020-05-25,NE,49.34
2020-05-26,NE,51.16
2020-05-27,NE,50.34
2020-05-28,NE,48.7
2020-05-29,NE,54.42
2020-05-30,NE,53.56
2020-05-31,NE,54.35
2020-06-01,NE,52.88
2020-02-01,NW,45.65
2020-02-02,NW,32.38
2020-02-03,NW,41.37
2020-02-04,NW,42.63
2020-02-05,NW,46.1
2020-02-06,NW,51.19
2020-02-07,NW,54.88
2020-02-08,NW,52.01
2020-02-09,NW,46.82
2020-02-10,NW,38.05
2020-02-11,NW,41.83
2020-02-12,NW,45.82
2020-02-13,NW,46.86
2020-02-14,NW,49.77
2020-02-15,NW,52.13
2020-02-16,NW,43.17
2020-02-17,NW,45.6
2020-02-18,NW,49.58
2020-02-19,NW,47.32
2020-02-20,NW,44.44
2020-02-21,NW,47.08
2020-02-22,NW,51.35
2020-02-23,NW,37.88
2020-02-24,NW,47.23
2020-02-25,NW,44.07
2020-02-26,NW,42.62
2020-02-27,NW,46.57
2020-02-28,NW,51.51
2020-02-29,NW,42.1
2020-03-01,NW,38.82
2020-03-02,NW,41.17
2020-03-03,NW,43.83
2020-03-04,NW,47.63
2020-03-05,NW,43.48
2020-03-06,NW,45.93
2020-03-07,NW,41.98
2020-03-08,NW,44.71
2020-03-09,NW,40.98
2020-03-10,NW,40.68
2020-03-11,NW,45.36
2020-03-12,NW,45.78
2020-03-13,NW,43.78
2020-03-14,NW,33.26
2020-03-15,NW,34.24
2020-03-16,NW,37.55
2020-03-17,NW,31.94
2020-03-18,NW,32.33
2020-03-19,NW,33.44
2020-03-20,NW,27.88
2020-03-21,NW,17.8
2020-03-22,NW,11.08
2020-03-23,NW,24.94
2020-03-24,NW,25.97
2020-03-25,NW,24.95
2020-03-26,NW,26.54
2020-03-27,NW,28.35
2020-03-28,NW,25.39
2020-03-29,NW,12.78
2020-03-30,NW,23.06
2020-03-31,NW,26.07
2020-04-01,NW,28.4
2020-04-02,NW,28.67
2020-04-03,NW,29.57
2020-04-04,NW,24.63
2020-04-05,NW,23.04
2020-04-06,NW,28.83
2020-04-07,NW,24.69
2020-04-08,NW,31.18
2020-04-09,NW,33.4
2020-04-10,NW,26.32
2020-04-11,NW,29.77
2020-04-12,NW,23.62
2020-04-13,NW,23.86
2020-04-14,NW,28.47
2020-04-15,NW,32.77
2020-04-16,NW,31.57
2020-04-17,NW,34.96
2020-04-18,NW,29.87
2020-04-19,NW,25.11
2020-04-20,NW,29.31
2020-04-21,NW,31.11
2020-04-22,NW,31.17
2020-04-23,NW,38.92
2020-04-24,NW,39.07
2020-04-25,NW,30.74
2020-04-26,NW,23.29
2020-04-27,NW,35.45
2020-04-28,NW,29.82
2020-04-29,NW,37.78
2020-04-30,NW,34.86
2020-05-01,NW,35.35
2020-05-02,NW,28.31
2020-05-03,NW,32.41
2020-05-04,NW,41.42
2020-05-05,NW,33.96
2020-05-06,NW,39.5
2020-05-07,NW,47.88
2020-05-08,NW,49.9
2020-05-09,NW,42.86
2020-05-10,NW,36.93
2020-05-11,NW,36.31
2020-05-12,NW,37.57
2020-05-13,NW,33.61
2020-05-14,NW,34.37
2020-05-15,NW,44.87
2020-05-16,NW,40.76
2020-05-17,NW,47.92
2020-05-18,NW,49.43
2020-05-19,NW,51.79
2020-05-20,NW,56.27
2020-05-21,NW,61.35
2020-05-22,NW,59.96
2020-05-23,NW,39.68
2020-05-24,NW,45.75
2020-05-25,NW,49.48
2020-05-26,NW,52.07
2020-05-27,NW,53.81
2020-05-28,NW,50.62
2020-05-29,NW,56.12
2020-05-30,NW,53.36
2020-05-31,NW,58.28
2020-06-01,NW,58.56
2020-02-01,OW,43.97
2020-02-02,OW,30.56
2020-02-03,OW,35.75
2020-02-04,OW,35.59
2020-02-05,OW,40.05
2020-02-06,OW,45.84
2020-02-07,OW,51.17
2020-02-08,OW,49.33
2020-02-09,OW,48.15
2020-02-10,OW,32.18
2020-02-11,OW,34.95
2020-02-12,OW,40.37
2020-02-13,OW,41.96
2020-02-14,OW,47.26
2020-02-15,OW,51
2020-02-16,OW,44.76
2020-02-17,OW,41.86
2020-02-18,OW,45.23
2020-02-19,OW,40.58
2020-02-20,OW,46.16
2020-02-21,OW,45.97
2020-02-22,OW,47.6
2020-02-23,OW,36.64
2020-02-24,OW,43.67
2020-02-25,OW,39.54
2020-02-26,OW,37.66
2020-02-27,OW,40.99
2020-02-28,OW,49.58
2020-02-29,OW,44.55
2020-03-01,OW,41.62
2020-03-02,OW,38.02
2020-03-03,OW,40.33
2020-03-04,OW,44.48
2020-03-05,OW,38.59
2020-03-06,OW,44.28
2020-03-07,OW,40.3
2020-03-08,OW,48.31
2020-03-09,OW,38.14
2020-03-10,OW,37.31
2020-03-11,OW,42.54
2020-03-12,OW,42.13
2020-03-13,OW,39.89
2020-03-14,OW,30.54
2020-03-15,OW,32.37
2020-03-16,OW,34.79
2020-03-17,OW,29.06
2020-03-18,OW,28.77
2020-03-19,OW,26.81
2020-03-20,OW,26.22
2020-03-21,OW,15.07
2020-03-22,OW,10.75
2020-03-23,OW,23.51
2020-03-24,OW,23.79
2020-03-25,OW,23.5
2020-03-26,OW,23.81
2020-03-27,OW,25.49
2020-03-28,OW,20.52
2020-03-29,OW,12.07
2020-03-30,OW,20.95
2020-03-31,OW,23.32
2020-04-01,OW,25.36
2020-04-02,OW,25.53
2020-04-03,OW,26.87
2020-04-04,OW,20.36
2020-04-05,OW,20.73
2020-04-06,OW,26.73
2020-04-07,OW,21.73
2020-04-08,OW,28.03
2020-04-09,OW,28.64
2020-04-10,OW,22.48
2020-04-11,OW,25.32
2020-04-12,OW,20.83
2020-04-13,OW,20.92
2020-04-14,OW,26.31
2020-04-15,OW,29.52
2020-04-16,OW,28.11
2020-04-17,OW,31.9
2020-04-18,OW,24.72
2020-04-19,OW,23.1
2020-04-20,OW,27.64
2020-04-21,OW,28.35
2020-04-22,OW,26.93
2020-04-23,OW,33.45
2020-04-24,OW,34
2020-04-25,OW,25.85
2020-04-26,OW,20.38
2020-04-27,OW,31.77
2020-04-28,OW,28.55
2020-04-29,OW,35.1
2020-04-30,OW,33.29
2020-05-01,OW,33.91
2020-05-02,OW,26.29
2020-05-03,OW,29.04
2020-05-04,OW,37.76
2020-05-05,OW,38.07
2020-05-06,OW,38.21
2020-05-07,OW,44.84
2020-05-08,OW,45.68
2020-05-09,OW,40.12
2020-05-10,OW,35.5
2020-05-11,OW,36.3
2020-05-12,OW,37.68
2020-05-13,OW,32.78
2020-05-14,OW,32.35
2020-05-15,OW,42.94
2020-05-16,OW,40.41
2020-05-17,OW,42.6
2020-05-18,OW,47.74
2020-05-19,OW,48.5
2020-05-20,OW,51.02
2020-05-21,OW,54.16
2020-05-22,OW,56.01
2020-05-23,OW,39.5
2020-05-24,OW,44.29
2020-05-25,OW,47.77
2020-05-26,OW,49.04
2020-05-27,OW,52.2
2020-05-28,OW,49.55
2020-05-29,OW,55.6
2020-05-30,OW,51.2
2020-05-31,OW,59.29
2020-06-01,OW,63.52
2020-02-01,SG,44.66
2020-02-02,SG,30.94
2020-02-03,SG,40.05
2020-02-04,SG,40.84
2020-02-05,SG,42.89
2020-02-06,SG,46.49
2020-02-07,SG,50.34
2020-02-08,SG,47.58
2020-02-09,SG,41.46
2020-02-10,SG,36.57
2020-02-11,SG,40.36
2020-02-12,SG,43.89
2020-02-13,SG,45.03
2020-02-14,SG,47.72
2020-02-15,SG,46.79
2020-02-16,SG,38.25
2020-02-17,SG,41.77
2020-02-18,SG,44.27
2020-02-19,SG,43.06
2020-02-20,SG,46.19
2020-02-21,SG,48.63
2020-02-22,SG,46.52
2020-02-23,SG,33.9
2020-02-24,SG,43.04
2020-02-25,SG,43.63
2020-02-26,SG,41.89
2020-02-27,SG,43.53
2020-02-28,SG,47.79
2020-02-29,SG,41.07
2020-03-01,SG,36.07
2020-03-02,SG,40.78
2020-03-03,SG,41.96
2020-03-04,SG,44.52
2020-03-05,SG,42.59
2020-03-06,SG,45.45
2020-03-07,SG,39.7
2020-03-08,SG,39
2020-03-09,SG,40.03
2020-03-10,SG,40.41
2020-03-11,SG,43.33
2020-03-12,SG,42.96
2020-03-13,SG,43.13
2020-03-14,SG,31.71
2020-03-15,SG,30.36
2020-03-16,SG,35.49
2020-03-17,SG,29.89
2020-03-18,SG,29.95
2020-03-19,SG,28.99
2020-03-20,SG,28.09
2020-03-21,SG,15.26
2020-03-22,SG,12
2020-03-23,SG,24.81
2020-03-24,SG,24.71
2020-03-25,SG,24.8
2020-03-26,SG,24.47
2020-03-27,SG,26.53
2020-03-28,SG,21.34
2020-03-29,SG,11.98
2020-03-30,SG,22.69
2020-03-31,SG,25.36
2020-04-01,SG,26.7
2020-04-02,SG,27.12
2020-04-03,SG,27.7
2020-04-04,SG,21.31
2020-04-05,SG,19.15
2020-04-06,SG,27.45
2020-04-07,SG,23.64
2020-04-08,SG,30.07
2020-04-09,SG,30.85
2020-04-10,SG,21.21
2020-04-11,SG,24.36
2020-04-12,SG,20.56
2020-04-13,SG,20.15
2020-04-14,SG,27.09
2020-04-15,SG,29.94
2020-04-16,SG,28.76
2020-04-17,SG,32.15
2020-04-18,SG,25.45
2020-04-19,SG,22.55
2020-04-20,SG,27.96
2020-04-21,SG,29.25
2020-04-22,SG,27.65
2020-04-23,SG,33.58
2020-04-24,SG,34.17
2020-04-25,SG,25.92
2020-04-26,SG,21.95
2020-04-27,SG,32.9
2020-04-28,SG,30.28
2020-04-29,SG,33.54
2020-04-30,SG,32.65
2020-05-01,SG,30.44
2020-05-02,SG,24.59
2020-05-03,SG,27.67
2020-05-04,SG,34.67
2020-05-05,SG,33.15
2020-05-06,SG,37.6
2020-05-07,SG,41.25
2020-05-08,SG,41.76
2020-05-09,SG,33.71
2020-05-10,SG,29.74
2020-05-11,SG,33.9
2020-05-12,SG,36.33
2020-05-13,SG,30.3
2020-05-14,SG,32.56
2020-05-15,SG,40.78
2020-05-16,SG,35.04
2020-05-17,SG,37.7
2020-05-18,SG,42.66
2020-05-19,SG,41.78
2020-05-20,SG,48.25
2020-05-21,SG,47.86
2020-05-22,SG,48.79
2020-05-23,SG,34.54
2020-05-24,SG,36.97
2020-05-25,SG,43.9
2020-05-26,SG,46.28
2020-05-27,SG,48.26
2020-05-28,SG,45.23
2020-05-29,SG,51.28
2020-05-30,SG,45.01
2020-05-31,SG,46.65
2020-06-01,SG,47.11
2020-02-01,SH,39.54
2020-02-02,SH,26.85
2020-02-03,SH,38.95
2020-02-04,SH,40.51
2020-02-05,SH,42.08
2020-02-06,SH,45.08
2020-02-07,SH,45.36
2020-02-08,SH,36.65
2020-02-09,SH,31.56
2020-02-10,SH,33.69
2020-02-11,SH,37.95
2020-02-12,SH,40.96
2020-02-13,SH,41
2020-02-14,SH,43.05
2020-02-15,SH,36.27
2020-02-16,SH,30.14
2020-02-17,SH,38.04
2020-02-18,SH,41
2020-02-19,SH,40.55
2020-02-20,SH,43.42
2020-02-21,SH,44.22
2020-02-22,SH,38.28
2020-02-23,SH,28.78
2020-02-24,SH,39.5
2020-02-25,SH,40.7
2020-02-26,SH,39.12
2020-02-27,SH,39.71
2020-02-28,SH,43.38
2020-02-29,SH,34.3
2020-03-01,SH,28.2
2020-03-02,SH,37.69
2020-03-03,SH,39.28
2020-03-04,SH,40.38
2020-03-05,SH,39.15
2020-03-06,SH,40.64
2020-03-07,SH,31.82
2020-03-08,SH,29.24
2020-03-09,SH,36.91
2020-03-10,SH,37.39
2020-03-11,SH,39.16
2020-03-12,SH,38.32
2020-03-13,SH,38
2020-03-14,SH,25.67
2020-03-15,SH,24.87
2020-03-16,SH,32.34
2020-03-17,SH,27.15
2020-03-18,SH,26.61
2020-03-19,SH,26.09
2020-03-20,SH,24.93
2020-03-21,SH,12.82
2020-03-22,SH,11.42
2020-03-23,SH,21.8
2020-03-24,SH,22.28
2020-03-25,SH,21.66
2020-03-26,SH,21.79
2020-03-27,SH,23.88
2020-03-28,SH,18.13
2020-03-29,SH,9.73
2020-03-30,SH,21.06
2020-03-31,SH,23.52
2020-04-01,SH,24.01
2020-04-02,SH,23.71
2020-04-03,SH,24.42
2020-04-04,SH,17.49
2020-04-05,SH,15.64
2020-04-06,SH,23.66
2020-04-07,SH,20.9
2020-04-08,SH,26.51
2020-04-09,SH,27.14
2020-04-10,SH,16.39
2020-04-11,SH,19.4
2020-04-12,SH,17.18
2020-04-13,SH,15.99
2020-04-14,SH,24.46
2020-04-15,SH,25.82
2020-04-16,SH,25.63
2020-04-17,SH,27.77
2020-04-18,SH,20.47
2020-04-19,SH,19.17
2020-04-20,SH,24.97
2020-04-21,SH,26.22
2020-04-22,SH,24.46
2020-04-23,SH,29.82
2020-04-24,SH,30.26
2020-04-25,SH,21.17
2020-04-26,SH,18.69
2020-04-27,SH,28.89
2020-04-28,SH,27.23
2020-04-29,SH,30
2020-04-30,SH,30.27
2020-05-01,SH,19.45
2020-05-02,SH,20.21
2020-05-03,SH,21.64
2020-05-04,SH,30.1
2020-05-05,SH,29.52
2020-05-06,SH,33.47
2020-05-07,SH,35.91
2020-05-08,SH,34.63
2020-05-09,SH,26.35
2020-05-10,SH,24.22
2020-05-11,SH,29.21
2020-05-12,SH,32.44
2020-05-13,SH,27.12
2020-05-14,SH,28.49
2020-05-15,SH,36.49
2020-05-16,SH,30.17
2020-05-17,SH,30.67
2020-05-18,SH,34.18
2020-05-19,SH,35.05
2020-05-20,SH,42.13
2020-05-21,SH,35.3
2020-05-22,SH,37.68
2020-05-23,SH,26.03
2020-05-24,SH,28.34
2020-05-25,SH,34.89
2020-05-26,SH,38.25
2020-05-27,SH,38.64
2020-05-28,SH,37.12
2020-05-29,SH,41.57
2020-05-30,SH,34.26
2020-05-31,SH,34.86
2020-06-01,SH,35.04
2020-02-01,SO,48.58
2020-02-02,SO,29.26
2020-02-03,SO,43.28
2020-02-04,SO,45.13
2020-02-05,SO,47.54
2020-02-06,SO,49.87
2020-02-07,SO,52.93
2020-02-08,SO,48.68
2020-02-09,SO,34.87
2020-02-10,SO,39.02
2020-02-11,SO,44.35
2020-02-12,SO,47.79
2020-02-13,SO,48.71
2020-02-14,SO,51.21
2020-02-15,SO,45.82
2020-02-16,SO,33.44
2020-02-17,SO,43.23
2020-02-18,SO,47.21
2020-02-19,SO,46.87
2020-02-20,SO,47.77
2020-02-21,SO,50.11
2020-02-22,SO,42.84
2020-02-23,SO,29.93
2020-02-24,SO,46.01
2020-02-25,SO,45.67
2020-02-26,SO,45
2020-02-27,SO,46.25
2020-02-28,SO,49.88
2020-02-29,SO,40.5
2020-03-01,SO,31.27
2020-03-02,SO,42.27
2020-03-03,SO,44.82
2020-03-04,SO,46.7
2020-03-05,SO,44.58
2020-03-06,SO,47.52
2020-03-07,SO,40.38
2020-03-08,SO,33.02
2020-03-09,SO,42.48
2020-03-10,SO,42.96
2020-03-11,SO,45.97
2020-03-12,SO,44.49
2020-03-13,SO,45.41
2020-03-14,SO,31.77
2020-03-15,SO,28.1
2020-03-16,SO,36.06
2020-03-17,SO,30.92
2020-03-18,SO,30.64
2020-03-19,SO,29.55
2020-03-20,SO,28.67
2020-03-21,SO,15.74
2020-03-22,SO,11.23
2020-03-23,SO,24.61
2020-03-24,SO,25.19
2020-03-25,SO,25.58
2020-03-26,SO,25.33
2020-03-27,SO,27.26
2020-03-28,SO,21.41
2020-03-29,SO,11.74
2020-03-30,SO,23.17
2020-03-31,SO,25.92
2020-04-01,SO,26.95
2020-04-02,SO,27.31
2020-04-03,SO,28.29
2020-04-04,SO,20.56
2020-04-05,SO,19.1
2020-04-06,SO,26.79
2020-04-07,SO,22.77
2020-04-08,SO,29.83
2020-04-09,SO,31.89
2020-04-10,SO,20.67
2020-04-11,SO,23.93
2020-04-12,SO,19.67
2020-04-13,SO,19.9
2020-04-14,SO,27.95
2020-04-15,SO,30.43
2020-04-16,SO,28.35
2020-04-17,SO,32.01
2020-04-18,SO,24.21
2020-04-19,SO,20.86
2020-04-20,SO,27.91
2020-04-21,SO,29.42
2020-04-22,SO,26.59
2020-04-23,SO,33.98
2020-04-24,SO,34.46
2020-04-25,SO,26.5
2020-04-26,SO,20.92
2020-04-27,SO,32.52
2020-04-28,SO,30.95
2020-04-29,SO,34.6
2020-04-30,SO,33.91
2020-05-01,SO,28.35
2020-05-02,SO,23.88
2020-05-03,SO,23.57
2020-05-04,SO,34.22
2020-05-05,SO,33.98
2020-05-06,SO,36.45
2020-05-07,SO,39.75
2020-05-08,SO,39.56
2020-05-09,SO,30.97
2020-05-10,SO,26.53
2020-05-11,SO,32.81
2020-05-12,SO,36.51
2020-05-13,SO,27.97
2020-05-14,SO,27.9
2020-05-15,SO,36.59
2020-05-16,SO,31.87
2020-05-17,SO,32.04
2020-05-18,SO,39.95
2020-05-19,SO,43.03
2020-05-20,SO,49.53
2020-05-21,SO,43.54
2020-05-22,SO,45.38
2020-05-23,SO,31.63
2020-05-24,SO,32.67
2020-05-25,SO,41.93
2020-05-26,SO,44.41
2020-05-27,SO,44.54
2020-05-28,SO,42.71
2020-05-29,SO,47.8
2020-05-30,SO,40.65
2020-05-31,SO,40.6
2020-06-01,SO,38.49
2020-02-01,SZ,47.79
2020-02-02,SZ,31.85
2020-02-03,SZ,45.26
2020-02-04,SZ,45.65
2020-02-05,SZ,47.91
2020-02-06,SZ,52.18
2020-02-07,SZ,55.99
2020-02-08,SZ,49.71
2020-02-09,SZ,40.93
2020-02-10,SZ,40.94
2020-02-11,SZ,45.39
2020-02-12,SZ,49.61
2020-02-13,SZ,49.81
2020-02-14,SZ,54.29
2020-02-15,SZ,50.63
2020-02-16,SZ,37.33
2020-02-17,SZ,46.47
2020-02-18,SZ,49.86
2020-02-19,SZ,49.11
2020-02-20,SZ,50.79
2020-02-21,SZ,53.07
2020-02-22,SZ,52.09
2020-02-23,SZ,35.67
2020-02-24,SZ,47.79
2020-02-25,SZ,47.13
2020-02-26,SZ,47.47
2020-02-27,SZ,49.82
2020-02-28,SZ,55.2
2020-02-29,SZ,43.55
2020-03-01,SZ,37.67
2020-03-02,SZ,45.08
2020-03-03,SZ,47.97
2020-03-04,SZ,51.08
2020-03-05,SZ,47.09
2020-03-06,SZ,50.22
2020-03-07,SZ,41.32
2020-03-08,SZ,40.74
2020-03-09,SZ,43.74
2020-03-10,SZ,44.88
2020-03-11,SZ,48.01
2020-03-12,SZ,47.57
2020-03-13,SZ,47.26
2020-03-14,SZ,34.51
2020-03-15,SZ,33.49
2020-03-16,SZ,40.68
2020-03-17,SZ,33.92
2020-03-18,SZ,34.17
2020-03-19,SZ,33.66
2020-03-20,SZ,30.85
2020-03-21,SZ,18.67
2020-03-22,SZ,13.01
2020-03-23,SZ,27.12
2020-03-24,SZ,28.31
2020-03-25,SZ,27.3
2020-03-26,SZ,28.04
2020-03-27,SZ,30.58
2020-03-28,SZ,26.2
2020-03-29,SZ,13.9
2020-03-30,SZ,24.92
2020-03-31,SZ,28.47
2020-04-01,SZ,30.01
2020-04-02,SZ,30.35
2020-04-03,SZ,31.21
2020-04-04,SZ,25.81
2020-04-05,SZ,23.3
2020-04-06,SZ,30.41
2020-04-07,SZ,26.16
2020-04-08,SZ,33.54
2020-04-09,SZ,34.83
2020-04-10,SZ,26.33
2020-04-11,SZ,29.16
2020-04-12,SZ,24.31
2020-04-13,SZ,24.4
2020-04-14,SZ,30.26
2020-04-15,SZ,34.06
2020-04-16,SZ,32.02
2020-04-17,SZ,36.27
2020-04-18,SZ,31.07
2020-04-19,SZ,26.36
2020-04-20,SZ,31.73
2020-04-21,SZ,32.84
2020-04-22,SZ,32.4
2020-04-23,SZ,38.92
2020-04-24,SZ,39.04
2020-04-25,SZ,33.17
2020-04-26,SZ,25.85
2020-04-27,SZ,38.54
2020-04-28,SZ,33.54
2020-04-29,SZ,38.47
2020-04-30,SZ,37.42
2020-05-01,SZ,35.36
2020-05-02,SZ,28.62
2020-05-03,SZ,32.67
2020-05-04,SZ,42.14
2020-05-05,SZ,36.48
2020-05-06,SZ,44.54
2020-05-07,SZ,48.88
2020-05-08,SZ,49.01
2020-05-09,SZ,40.67
2020-05-10,SZ,34.78
2020-05-11,SZ,37.72
2020-05-12,SZ,39.53
2020-05-13,SZ,33.8
2020-05-14,SZ,34.76
2020-05-15,SZ,45.15
2020-05-16,SZ,40.67
2020-05-17,SZ,44.31
2020-05-18,SZ,49.83
2020-05-19,SZ,51.65
2020-05-20,SZ,59.33
2020-05-21,SZ,57.17
2020-05-22,SZ,58.13
2020-05-23,SZ,40.71
2020-05-24,SZ,43.72
2020-05-25,SZ,51.09
2020-05-26,SZ,53.62
2020-05-27,SZ,52.35
2020-05-28,SZ,48.81
2020-05-29,SZ,55.83
2020-05-30,SZ,50.09
2020-05-31,SZ,50.79
2020-06-01,SZ,51.19
2020-02-01,TG,40.1
2020-02-02,TG,26.27
2020-02-03,TG,41.32
2020-02-04,TG,43.66
2020-02-05,TG,44.92
2020-02-06,TG,46.74
2020-02-07,TG,49.86
2020-02-08,TG,42.36
2020-02-09,TG,35.52
2020-02-10,TG,38.75
2020-02-11,TG,43.11
2020-02-12,TG,46.46
2020-02-13,TG,47.27
2020-02-14,TG,48.86
2020-02-15,TG,44
2020-02-16,TG,33.64
2020-02-17,TG,42.99
2020-02-18,TG,45.98
2020-02-19,TG,46.22
2020-02-20,TG,48.05
2020-02-21,TG,49.82
2020-02-22,TG,44.04
2020-02-23,TG,31.05
2020-02-24,TG,45.13
2020-02-25,TG,45.74
2020-02-26,TG,44.88
2020-02-27,TG,45.92
2020-02-28,TG,49.05
2020-02-29,TG,39.34
2020-03-01,TG,32.26
2020-03-02,TG,42.51
2020-03-03,TG,44.61
2020-03-04,TG,46.36
2020-03-05,TG,44.72
2020-03-06,TG,46.8
2020-03-07,TG,37.28
2020-03-08,TG,33.53
2020-03-09,TG,42.15
2020-03-10,TG,42.64
2020-03-11,TG,44.96
2020-03-12,TG,44.31
2020-03-13,TG,44.34
2020-03-14,TG,30.45
2020-03-15,TG,27.41
2020-03-16,TG,37.38
2020-03-17,TG,31.3
2020-03-18,TG,31.02
2020-03-19,TG,30.48
2020-03-20,TG,29.32
2020-03-21,TG,15.39
2020-03-22,TG,11.86
2020-03-23,TG,25.88
2020-03-24,TG,25.95
2020-03-25,TG,26.17
2020-03-26,TG,25.52
2020-03-27,TG,27.6
2020-03-28,TG,21.01
2020-03-29,TG,10.68
2020-03-30,TG,24.5
2020-03-31,TG,26.73
2020-04-01,TG,27.92
2020-04-02,TG,28.01
2020-04-03,TG,28.93
2020-04-04,TG,20.53
2020-04-05,TG,17.78
2020-04-06,TG,27.92
2020-04-07,TG,24.76
2020-04-08,TG,30.61
2020-04-09,TG,31.8
2020-04-10,TG,19.49
2020-04-11,TG,23.35
2020-04-12,TG,19.47
2020-04-13,TG,18.5
2020-04-14,TG,28.29
2020-04-15,TG,30.44
2020-04-16,TG,29.09
2020-04-17,TG,32.02
2020-04-18,TG,24.16
2020-04-19,TG,21.07
2020-04-20,TG,28.93
2020-04-21,TG,30.08
2020-04-22,TG,28.26
2020-04-23,TG,33.26
2020-04-24,TG,33.85
2020-04-25,TG,25.15
2020-04-26,TG,20.83
2020-04-27,TG,33.59
2020-04-28,TG,31.45
2020-04-29,TG,34.63
2020-04-30,TG,34.55
2020-05-01,TG,26.21
2020-05-02,TG,24.08
2020-05-03,TG,24.76
2020-05-04,TG,35.2
2020-05-05,TG,34.11
2020-05-06,TG,38.51
2020-05-07,TG,41.55
2020-05-08,TG,40.82
2020-05-09,TG,31.63
2020-05-10,TG,26.82
2020-05-11,TG,34.45
2020-05-12,TG,37.31
2020-05-13,TG,32.3
2020-05-14,TG,32.78
2020-05-15,TG,42.36
2020-05-16,TG,35.47
2020-05-17,TG,33.99
2020-05-18,TG,40.13
2020-05-19,TG,39.55
2020-05-20,TG,46.61
2020-05-21,TG,40.14
2020-05-22,TG,44.24
2020-05-23,TG,31.23
2020-05-24,TG,32.54
2020-05-25,TG,44.25
2020-05-26,TG,46.29
2020-05-27,TG,48.52
2020-05-28,TG,45.67
2020-05-29,TG,50.05
2020-05-30,TG,41.36
2020-05-31,TG,39.68
2020-06-01,TG,39.84
2020-02-01,TI,38.11
2020-02-02,TI,36.41
2020-02-03,TI,37.68
2020-02-04,TI,36.78
2020-02-05,TI,37.37
2020-02-06,TI,38.45
2020-02-07,TI,41.24
2020-02-08,TI,38.65
2020-02-09,TI,39.3
2020-02-10,TI,35.47
2020-02-11,TI,37.15
2020-02-12,TI,40.01
2020-02-13,TI,40.67
2020-02-14,TI,43.55
2020-02-15,TI,40.55
2020-02-16,TI,40.28
2020-02-17,TI,37.73
2020-02-18,TI,38.97
2020-02-19,TI,39.57
2020-02-20,TI,40.63
2020-02-21,TI,42.88
2020-02-22,TI,40.26
2020-02-23,TI,44.96
2020-02-24,TI,40.71
2020-02-25,TI,37.92
2020-02-26,TI,36.83
2020-02-27,TI,36.56
2020-02-28,TI,39.65
2020-02-29,TI,30.95
2020-03-01,TI,29.52
2020-03-02,TI,33.27
2020-03-03,TI,34.95
2020-03-04,TI,36.74
2020-03-05,TI,35.15
2020-03-06,TI,38.1
2020-03-07,TI,34.06
2020-03-08,TI,34.17
2020-03-09,TI,33.61
2020-03-10,TI,32.22
2020-03-11,TI,32.78
2020-03-12,TI,29.63
2020-03-13,TI,29.79
2020-03-14,TI,18.56
2020-03-15,TI,15.36
2020-03-16,TI,21.62
2020-03-17,TI,20
2020-03-18,TI,20.41
2020-03-19,TI,16.03
2020-03-20,TI,15.7
2020-03-21,TI,13.07
2020-03-22,TI,9.02
2020-03-23,TI,14.63
2020-03-24,TI,14.76
2020-03-25,TI,13.75
2020-03-26,TI,13.81
2020-03-27,TI,14.92
2020-03-28,TI,12.55
2020-03-29,TI,9.97
2020-03-30,TI,13.23
2020-03-31,TI,13.69
2020-04-01,TI,14.4
2020-04-02,TI,15.03
2020-04-03,TI,16.2
2020-04-04,TI,13.02
2020-04-05,TI,11.07
2020-04-06,TI,15.33
2020-04-07,TI,12.75
2020-04-08,TI,16.88
2020-04-09,TI,17.81
2020-04-10,TI,17.01
2020-04-11,TI,14.59
2020-04-12,TI,11.17
2020-04-13,TI,12.64
2020-04-14,TI,17.69
2020-04-15,TI,18.29
2020-04-16,TI,17.57
2020-04-17,TI,20.28
2020-04-18,TI,16.85
2020-04-19,TI,15.45
2020-04-20,TI,17.95
2020-04-21,TI,19.01
2020-04-22,TI,17.83
2020-04-23,TI,23.15
2020-04-24,TI,24.53
2020-04-25,TI,20.48
2020-04-26,TI,17.98
2020-04-27,TI,23.89
2020-04-28,TI,22.66
2020-04-29,TI,28.46
2020-04-30,TI,27.35
2020-05-01,TI,20.06
2020-05-02,TI,25.32
2020-05-03,TI,30.98
2020-05-04,TI,31.85
2020-05-05,TI,29.52
2020-05-06,TI,31.83
2020-05-07,TI,33.15
2020-05-08,TI,34.22
2020-05-09,TI,29.22
2020-05-10,TI,27.12
2020-05-11,TI,27.78
2020-05-12,TI,32.35
2020-05-13,TI,25.05
2020-05-14,TI,29.81
2020-05-15,TI,36.71
2020-05-16,TI,28.96
2020-05-17,TI,34.73
2020-05-18,TI,32.62
2020-05-19,TI,33.72
2020-05-20,TI,42.49
2020-05-21,TI,40.14
2020-05-22,TI,43.45
2020-05-23,TI,39.26
2020-05-24,TI,54.03
2020-05-25,TI,41.82
2020-05-26,TI,41.04
2020-05-27,TI,40.09
2020-05-28,TI,38.43
2020-05-29,TI,42.13
2020-05-30,TI,36.89
2020-05-31,TI,37.33
2020-06-01,TI,54.16
2020-02-01,UR,40.8
2020-02-02,UR,33.67
2020-02-03,UR,37.39
2020-02-04,UR,33.91
2020-02-05,UR,37.42
2020-02-06,UR,42.15
2020-02-07,UR,47.9
2020-02-08,UR,45.05
2020-02-09,UR,45.05
2020-02-10,UR,37.46
2020-02-11,UR,35.21
2020-02-12,UR,38.76
2020-02-13,UR,41.14
2020-02-14,UR,43.64
2020-02-15,UR,47.05
2020-02-16,UR,41.33
2020-02-17,UR,39.37
2020-02-18,UR,42.25
2020-02-19,UR,38.28
2020-02-20,UR,37.36
2020-02-21,UR,41.53
2020-02-22,UR,43.73
2020-02-23,UR,34.81
2020-02-24,UR,37.28
2020-02-25,UR,37.23
2020-02-26,UR,37.34
2020-02-27,UR,37.85
2020-02-28,UR,43.92
2020-02-29,UR,36.37
2020-03-01,UR,36.92
2020-03-02,UR,36.04
2020-03-03,UR,36.69
2020-03-04,UR,40.09
2020-03-05,UR,38.14
2020-03-06,UR,39.99
2020-03-07,UR,36.65
2020-03-08,UR,41.28
2020-03-09,UR,36.29
2020-03-10,UR,36.66
2020-03-11,UR,39.14
2020-03-12,UR,38.78
2020-03-13,UR,38.87
2020-03-14,UR,27.03
2020-03-15,UR,31.71
2020-03-16,UR,32.91
2020-03-17,UR,27.71
2020-03-18,UR,27.02
2020-03-19,UR,24.22
2020-03-20,UR,22.51
2020-03-21,UR,13.4
2020-03-22,UR,9.99
2020-03-23,UR,21.07
2020-03-24,UR,21.56
2020-03-25,UR,21.67
2020-03-26,UR,21.33
2020-03-27,UR,22.84
2020-03-28,UR,18.15
2020-03-29,UR,11.46
2020-03-30,UR,19.66
2020-03-31,UR,21.66
2020-04-01,UR,23.58
2020-04-02,UR,24.31
2020-04-03,UR,24.49
2020-04-04,UR,19.07
2020-04-05,UR,17.34
2020-04-06,UR,23.48
2020-04-07,UR,20.22
2020-04-08,UR,25.68
2020-04-09,UR,26.71
2020-04-10,UR,18.93
2020-04-11,UR,21.92
2020-04-12,UR,18.07
2020-04-13,UR,19.1
2020-04-14,UR,23.67
2020-04-15,UR,26.86
2020-04-16,UR,26.28
2020-04-17,UR,28.57
2020-04-18,UR,22.75
2020-04-19,UR,21.1
2020-04-20,UR,25.18
2020-04-21,UR,26.78
2020-04-22,UR,24.3
2020-04-23,UR,31.08
2020-04-24,UR,32.92
2020-04-25,UR,26.17
2020-04-26,UR,22.11
2020-04-27,UR,30.95
2020-04-28,UR,28.3
2020-04-29,UR,33.76
2020-04-30,UR,31.83
2020-05-01,UR,32.06
2020-05-02,UR,24.32
2020-05-03,UR,28.49
2020-05-04,UR,36.89
2020-05-05,UR,32.78
2020-05-06,UR,36.34
2020-05-07,UR,42.6
2020-05-08,UR,42.42
2020-05-09,UR,35.54
2020-05-10,UR,32.06
2020-05-11,UR,33.58
2020-05-12,UR,33.3
2020-05-13,UR,30.73
2020-05-14,UR,33.04
2020-05-15,UR,44.75
2020-05-16,UR,35.27
2020-05-17,UR,43.42
2020-05-18,UR,44.68
2020-05-19,UR,46.72
2020-05-20,UR,50.15
2020-05-21,UR,51.39
2020-05-22,UR,52.24
2020-05-23,UR,38.9
2020-05-24,UR,43.67
2020-05-25,UR,44.06
2020-05-26,UR,46.28
2020-05-27,UR,47.21
2020-05-28,UR,45.28
2020-05-29,UR,51.12
2020-05-30,UR,45.14
2020-05-31,UR,48.18
2020-06-01,UR,56.66
2020-02-01,VD,43.9
2020-02-02,VD,30.02
2020-02-03,VD,43.93
2020-02-04,VD,45.02
2020-02-05,VD,47.23
2020-02-06,VD,48.12
2020-02-07,VD,52.92
2020-02-08,VD,48.74
2020-02-09,VD,37.86
2020-02-10,VD,40.87
2020-02-11,VD,44.01
2020-02-12,VD,47.77
2020-02-13,VD,47.91
2020-02-14,VD,54.35
2020-02-15,VD,52.7
2020-02-16,VD,39.58
2020-02-17,VD,44.7
2020-02-18,VD,49.73
2020-02-19,VD,47.17
2020-02-20,VD,53.35
2020-02-21,VD,53.93
2020-02-22,VD,48.45
2020-02-23,VD,37.19
2020-02-24,VD,46.43
2020-02-25,VD,46.2
2020-02-26,VD,44.53
2020-02-27,VD,45.61
2020-02-28,VD,52.42
2020-02-29,VD,41.78
2020-03-01,VD,34.45
2020-03-02,VD,42.89
2020-03-03,VD,45.73
2020-03-04,VD,47.51
2020-03-05,VD,45.13
2020-03-06,VD,50.9
2020-03-07,VD,43.82
2020-03-08,VD,38
2020-03-09,VD,43.2
2020-03-10,VD,43.32
2020-03-11,VD,45.97
2020-03-12,VD,44.06
2020-03-13,VD,45.83
2020-03-14,VD,32.75
2020-03-15,VD,27.7
2020-03-16,VD,34.84
2020-03-17,VD,27.97
2020-03-18,VD,27.1
2020-03-19,VD,25.9
2020-03-20,VD,24.79
2020-03-21,VD,17.88
2020-03-22,VD,11.3
2020-03-23,VD,19.51
2020-03-24,VD,20.14
2020-03-25,VD,20.42
2020-03-26,VD,20.67
2020-03-27,VD,22.42
2020-03-28,VD,20.15
2020-03-29,VD,12.39
2020-03-30,VD,18.81
2020-03-31,VD,21.16
2020-04-01,VD,23.06
2020-04-02,VD,23.24
2020-04-03,VD,24.89
2020-04-04,VD,21.16
2020-04-05,VD,19.28
2020-04-06,VD,23.67
2020-04-07,VD,20.2
2020-04-08,VD,27.22
2020-04-09,VD,28.51
2020-04-10,VD,21.5
2020-04-11,VD,23.85
2020-04-12,VD,19.59
2020-04-13,VD,19.79
2020-04-14,VD,24.98
2020-04-15,VD,27.67
2020-04-16,VD,26.02
2020-04-17,VD,29.88
2020-04-18,VD,24.92
2020-04-19,VD,19.56
2020-04-20,VD,26.22
2020-04-21,VD,26.77
2020-04-22,VD,25.04
2020-04-23,VD,31.98
2020-04-24,VD,32.84
2020-04-25,VD,26.01
2020-04-26,VD,18.99
2020-04-27,VD,30.36
2020-04-28,VD,28.02
2020-04-29,VD,33.97
2020-04-30,VD,30.36
2020-05-01,VD,30.8
2020-05-02,VD,25.2
2020-05-03,VD,24.38
2020-05-04,VD,35.98
2020-05-05,VD,33.67
2020-05-06,VD,38.09
2020-05-07,VD,40.28
2020-05-08,VD,41.19
2020-05-09,VD,36.6
2020-05-10,VD,29.12
2020-05-11,VD,33.08
2020-05-12,VD,35.15
2020-05-13,VD,29.82
2020-05-14,VD,33.97
2020-05-15,VD,41.47
2020-05-16,VD,37
2020-05-17,VD,38.03
2020-05-18,VD,41.87
2020-05-19,VD,42.02
2020-05-20,VD,46.94
2020-05-21,VD,48.14
2020-05-22,VD,49.46
2020-05-23,VD,34.96
2020-05-24,VD,41.03
2020-05-25,VD,43.42
2020-05-26,VD,45.1
2020-05-27,VD,47.25
2020-05-28,VD,46.48
2020-05-29,VD,51.98
2020-05-30,VD,48.24
2020-05-31,VD,48.39
2020-06-01,VD,46.83
2020-02-01,VS,54.7
2020-02-02,VS,44.25
2020-02-03,VS,41.71
2020-02-04,VS,39.05
2020-02-05,VS,44.67
2020-02-06,VS,49.24
2020-02-07,VS,56.38
2020-02-08,VS,61.03
2020-02-09,VS,62.39
2020-02-10,VS,39.02
2020-02-11,VS,40.23
2020-02-12,VS,46.88
2020-02-13,VS,45.93
2020-02-14,VS,55.71
2020-02-15,VS,62.13
2020-02-16,VS,54.97
2020-02-17,VS,44.69
2020-02-18,VS,48.21
2020-02-19,VS,42.51
2020-02-20,VS,50.27
2020-02-21,VS,54.79
2020-02-22,VS,59.43
2020-02-23,VS,55.5
2020-02-24,VS,51.15
2020-02-25,VS,47.15
2020-02-26,VS,40.53
2020-02-27,VS,41.98
2020-02-28,VS,55.26
2020-02-29,VS,54.02
2020-03-01,VS,53.4
2020-03-02,VS,42.32
2020-03-03,VS,44.37
2020-03-04,VS,48.23
2020-03-05,VS,41.28
2020-03-06,VS,49.84
2020-03-07,VS,51.39
2020-03-08,VS,61.28
2020-03-09,VS,43.98
2020-03-10,VS,39.85
2020-03-11,VS,46.14
2020-03-12,VS,44.96
2020-03-13,VS,46.36
2020-03-14,VS,37.64
2020-03-15,VS,40.53
2020-03-16,VS,37.51
2020-03-17,VS,30.13
2020-03-18,VS,29.03
2020-03-19,VS,23.2
2020-03-20,VS,24.93
2020-03-21,VS,18.99
2020-03-22,VS,16.12
2020-03-23,VS,22.85
2020-03-24,VS,22.04
2020-03-25,VS,22.11
2020-03-26,VS,21.82
2020-03-27,VS,23.99
2020-03-28,VS,19.87
2020-03-29,VS,15.37
2020-03-30,VS,20.99
2020-03-31,VS,22.82
2020-04-01,VS,25.01
2020-04-02,VS,24.67
2020-04-03,VS,25.97
2020-04-04,VS,21.73
2020-04-05,VS,21.5
2020-04-06,VS,25.51
2020-04-07,VS,21.05
2020-04-08,VS,27.28
2020-04-09,VS,29.02
2020-04-10,VS,24.95
2020-04-11,VS,23.46
2020-04-12,VS,19.48
2020-04-13,VS,23.87
2020-04-14,VS,27.97
2020-04-15,VS,29.69
2020-04-16,VS,27.65
2020-04-17,VS,31.89
2020-04-18,VS,26.42
2020-04-19,VS,23.63
2020-04-20,VS,28.58
2020-04-21,VS,28.65
2020-04-22,VS,25.72
2020-04-23,VS,32.39
2020-04-24,VS,34.82
2020-04-25,VS,28.27
2020-04-26,VS,24.77
2020-04-27,VS,33.72
2020-04-28,VS,30.14
2020-04-29,VS,39.96
2020-04-30,VS,35.96
2020-05-01,VS,36.83
2020-05-02,VS,29.48
2020-05-03,VS,31.43
2020-05-04,VS,45.63
2020-05-05,VS,37.52
2020-05-06,VS,44.98
2020-05-07,VS,47.87
2020-05-08,VS,49.36
2020-05-09,VS,42.76
2020-05-10,VS,38.77
2020-05-11,VS,40.54
2020-05-12,VS,42.95
2020-05-13,VS,35.99
2020-05-14,VS,40.99
2020-05-15,VS,50.78
2020-05-16,VS,44.48
2020-05-17,VS,48.74
2020-05-18,VS,51.47
2020-05-19,VS,53.51
2020-05-20,VS,51
2020-05-21,VS,48.42
2020-05-22,VS,57.29
2020-05-23,VS,46.61
2020-05-24,VS,61.75
2020-05-25,VS,52.96
2020-05-26,VS,53.27
2020-05-27,VS,61.87
2020-05-28,VS,59.52
2020-05-29,VS,65.75
2020-05-30,VS,59.57
2020-05-31,VS,62.29
2020-06-01,VS,74.57
2020-02-01,ZG,46.29
2020-02-02,ZG,30.41
2020-02-03,ZG,42.11
2020-02-04,ZG,41.6
2020-02-05,ZG,44.65
2020-02-06,ZG,48.41
2020-02-07,ZG,53.01
2020-02-08,ZG,52.05
2020-02-09,ZG,40.58
2020-02-10,ZG,36.69
2020-02-11,ZG,41.97
2020-02-12,ZG,45.49
2020-02-13,ZG,47.7
2020-02-14,ZG,51.13
2020-02-15,ZG,48.21
2020-02-16,ZG,35.34
2020-02-17,ZG,39.09
2020-02-18,ZG,42.79
2020-02-19,ZG,42.33
2020-02-20,ZG,45.13
2020-02-21,ZG,47.37
2020-02-22,ZG,45.75
2020-02-23,ZG,29.64
2020-02-24,ZG,41.77
2020-02-25,ZG,40.32
2020-02-26,ZG,40.07
2020-02-27,ZG,42.33
2020-02-28,ZG,46.57
2020-02-29,ZG,40.08
2020-03-01,ZG,33.28
2020-03-02,ZG,37.42
2020-03-03,ZG,40.61
2020-03-04,ZG,42.19
2020-03-05,ZG,40.18
2020-03-06,ZG,44.34
2020-03-07,ZG,38.67
2020-03-08,ZG,35.64
2020-03-09,ZG,36.59
2020-03-10,ZG,37.9
2020-03-11,ZG,40.78
2020-03-12,ZG,40.47
2020-03-13,ZG,41.65
2020-03-14,ZG,31.17
2020-03-15,ZG,29.75
2020-03-16,ZG,32.32
2020-03-17,ZG,26.14
2020-03-18,ZG,26.19
2020-03-19,ZG,25.44
2020-03-20,ZG,24.66
2020-03-21,ZG,16.46
2020-03-22,ZG,11.74
2020-03-23,ZG,20.27
2020-03-24,ZG,21.15
2020-03-25,ZG,21
2020-03-26,ZG,21.36
2020-03-27,ZG,23.65
2020-03-28,ZG,23.75
2020-03-29,ZG,11.91
2020-03-30,ZG,18.21
2020-03-31,ZG,21.04
2020-04-01,ZG,23.1
2020-04-02,ZG,23.58
2020-04-03,ZG,24.34
2020-04-04,ZG,22.54
2020-04-05,ZG,20.04
2020-04-06,ZG,22.44
2020-04-07,ZG,19.81
2020-04-08,ZG,27.19
2020-04-09,ZG,27.79
2020-04-10,ZG,23.1
2020-04-11,ZG,26.27
2020-04-12,ZG,21.75
2020-04-13,ZG,21.01
2020-04-14,ZG,23.19
2020-04-15,ZG,26.6
2020-04-16,ZG,25.43
2020-04-17,ZG,29.51
2020-04-18,ZG,27.27
2020-04-19,ZG,23.31
2020-04-20,ZG,24.34
2020-04-21,ZG,25.53
2020-04-22,ZG,25.28
2020-04-23,ZG,31.65
2020-04-24,ZG,32.42
2020-04-25,ZG,29.41
2020-04-26,ZG,22.12
2020-04-27,ZG,28.83
2020-04-28,ZG,24.88
2020-04-29,ZG,29.21
2020-04-30,ZG,27.85
2020-05-01,ZG,28.32
2020-05-02,ZG,24.36
2020-05-03,ZG,28.03
2020-05-04,ZG,31.39
2020-05-05,ZG,26.62
2020-05-06,ZG,31.7
2020-05-07,ZG,36.43
2020-05-08,ZG,38.21
2020-05-09,ZG,35.54
2020-05-10,ZG,30.64
2020-05-11,ZG,28.29
2020-05-12,ZG,29.25
2020-05-13,ZG,26.67
2020-05-14,ZG,31.08
2020-05-15,ZG,38.88
2020-05-16,ZG,37.63
2020-05-17,ZG,40.39
2020-05-18,ZG,37.67
2020-05-19,ZG,39.65
2020-05-20,ZG,46.19
2020-05-21,ZG,50.3
2020-05-22,ZG,45.59
2020-05-23,ZG,32.5
2020-05-24,ZG,35.41
2020-05-25,ZG,36.97
2020-05-26,ZG,39.31
2020-05-27,ZG,40.87
2020-05-28,ZG,39.1
2020-05-29,ZG,46.06
2020-05-30,ZG,45.44
2020-05-31,ZG,45.13
2020-06-01,ZG,42.21
2020-02-01,ZH,41.34
2020-02-02,ZH,29.2
2020-02-03,ZH,38.43
2020-02-04,ZH,39.95
2020-02-05,ZH,41.47
2020-02-06,ZH,44.79
2020-02-07,ZH,49.92
2020-02-08,ZH,47.97
2020-02-09,ZH,39
2020-02-10,ZH,35.39
2020-02-11,ZH,40.58
2020-02-12,ZH,43.66
2020-02-13,ZH,44.74
2020-02-14,ZH,49.35
2020-02-15,ZH,49.09
2020-02-16,ZH,36.32
2020-02-17,ZH,40.19
2020-02-18,ZH,43.9
2020-02-19,ZH,43.05
2020-02-20,ZH,47.2
2020-02-21,ZH,49.58
2020-02-22,ZH,46.8
2020-02-23,ZH,32.19
2020-02-24,ZH,41.95
2020-02-25,ZH,41.97
2020-02-26,ZH,41.07
2020-02-27,ZH,42.39
2020-02-28,ZH,47.58
2020-02-29,ZH,39.42
2020-03-01,ZH,33.7
2020-03-02,ZH,38.09
2020-03-03,ZH,40.18
2020-03-04,ZH,41.62
2020-03-05,ZH,40.23
2020-03-06,ZH,44.28
2020-03-07,ZH,37.46
2020-03-08,ZH,34.97
2020-03-09,ZH,37.36
2020-03-10,ZH,37.84
2020-03-11,ZH,40.15
2020-03-12,ZH,39.84
2020-03-13,ZH,41.15
2020-03-14,ZH,30.59
2020-03-15,ZH,28.88
2020-03-16,ZH,31.84
2020-03-17,ZH,26.18
2020-03-18,ZH,26.36
2020-03-19,ZH,25.75
2020-03-20,ZH,25.05
2020-03-21,ZH,15.63
2020-03-22,ZH,12.76
2020-03-23,ZH,20.93
2020-03-24,ZH,21.13
2020-03-25,ZH,21.18
2020-03-26,ZH,21.08
2020-03-27,ZH,23.53
2020-03-28,ZH,22.01
2020-03-29,ZH,10.93
2020-03-30,ZH,19.12
2020-03-31,ZH,21.9
2020-04-01,ZH,23.08
2020-04-02,ZH,23.35
2020-04-03,ZH,24.49
2020-04-04,ZH,20.92
2020-04-05,ZH,18.58
2020-04-06,ZH,22.7
2020-04-07,ZH,19.94
2020-04-08,ZH,26.28
2020-04-09,ZH,27.36
2020-04-10,ZH,21.39
2020-04-11,ZH,23.86
2020-04-12,ZH,20.66
2020-04-13,ZH,18.74
2020-04-14,ZH,23.44
2020-04-15,ZH,25.7
2020-04-16,ZH,24.97
2020-04-17,ZH,28.74
2020-04-18,ZH,25.1
2020-04-19,ZH,21.55
2020-04-20,ZH,24.69
2020-04-21,ZH,24.96
2020-04-22,ZH,24.19
2020-04-23,ZH,29.71
2020-04-24,ZH,30.53
2020-04-25,ZH,26.72
2020-04-26,ZH,21.13
2020-04-27,ZH,27.98
2020-04-28,ZH,25.03
2020-04-29,ZH,28.88
2020-04-30,ZH,29.32
2020-05-01,ZH,23.55
2020-05-02,ZH,23.7
2020-05-03,ZH,26.53
2020-05-04,ZH,29.52
2020-05-05,ZH,27.09
2020-05-06,ZH,34.15
2020-05-07,ZH,36.17
2020-05-08,ZH,37.67
2020-05-09,ZH,33.17
2020-05-10,ZH,29.83
2020-05-11,ZH,28.38
2020-05-12,ZH,31.76
2020-05-13,ZH,25.55
2020-05-14,ZH,29.86
2020-05-15,ZH,36.83
2020-05-16,ZH,34.45
2020-05-17,ZH,35.89
2020-05-18,ZH,37.16
2020-05-19,ZH,39.05
2020-05-20,ZH,46.97
2020-05-21,ZH,47.45
2020-05-22,ZH,43.93
2020-05-23,ZH,30.76
2020-05-24,ZH,34.81
2020-05-25,ZH,38.24
2020-05-26,ZH,40.13
2020-05-27,ZH,39.76
2020-05-28,ZH,38.29
2020-05-29,ZH,45.68
2020-05-30,ZH,42.49
2020-05-31,ZH,42.65
2020-06-01,ZH,40.07
